member_id,email,password,job_id
mem_jmeter_0000,jmeter0000@loadtest.com,test123,2616f087-e679-43a3-8dc2-1d1cdcb807bd
mem_jmeter_0001,jmeter0001@loadtest.com,test123,303bcbb4-f759-4e59-85bf-09c9a3c13df6
mem_jmeter_0002,jmeter0002@loadtest.com,test123,b51e04b7-9ff9-4bb3-bc04-5f75119d0c07
mem_jmeter_0003,jmeter0003@loadtest.com,test123,7d7b11c1-47b0-439a-99a8-b2283874f79f
mem_jmeter_0004,jmeter0004@loadtest.com,test123,0c2a294a-e0c8-4675-b636-51c4a7e54054
mem_jmeter_0005,jmeter0005@loadtest.com,test123,e36db2cf-f457-4f51-bc58-d725fb8ef0d2
mem_jmeter_0006,jmeter0006@loadtest.com,test123,9a248c5f-b705-4012-bef4-2c1ebe0cf562
mem_jmeter_0007,jmeter0007@loadtest.com,test123,ff585d49-f06f-409c-b6e4-770c8ba8f970
mem_jmeter_0008,jmeter0008@loadtest.com,test123,cecb5fb8-9d2f-4b98-8167-9f2274f8ea2f
mem_jmeter_0009,jmeter0009@loadtest.com,test123,8eeea2ff-3951-4236-b3ce-e65f7c0d6d52
mem_jmeter_0010,jmeter0010@loadtest.com,test123,8ffd38ad-1611-4179-b4cf-cbde6531073f
mem_jmeter_0011,jmeter0011@loadtest.com,test123,2fe21da3-32d8-4e04-8050-de25069d615b
mem_jmeter_0012,jmeter0012@loadtest.com,test123,4bb737ab-be0a-4580-b24f-b5500ff24d6a
mem_jmeter_0013,jmeter0013@loadtest.com,test123,9586f02f-af06-4b0e-b1be-bb4fa5378908
mem_jmeter_0014,jmeter0014@loadtest.com,test123,e04ae9c2-0ea7-4e31-b85d-a95ec868df96
mem_jmeter_0015,jmeter0015@loadtest.com,test123,2bfa22e5-ae07-4e01-8078-cc18246a4201
mem_jmeter_0016,jmeter0016@loadtest.com,test123,cb311944-6afd-49cb-a49d-200eca0c93da
mem_jmeter_0017,jmeter0017@loadtest.com,test123,4912de74-bbfc-401a-addc-05aa3c34607d
mem_jmeter_0018,jmeter0018@loadtest.com,test123,67d7835e-0d98-41e5-a844-ab313c23bc1a
mem_jmeter_0019,jmeter0019@loadtest.com,test123,876dcda4-d8a1-41c0-9ec6-65c0d5414e79
mem_jmeter_0020,jmeter0020@loadtest.com,test123,f55a9fb7-3e12-4728-8221-2861a0061cd3
mem_jmeter_0021,jmeter0021@loadtest.com,test123,320148f9-edd2-4095-b327-25b791b768fc
mem_jmeter_0022,jmeter0022@loadtest.com,test123,25b02c98-24ef-424a-8384-76e165ad4964
mem_jmeter_0023,jmeter0023@loadtest.com,test123,532c2193-69e9-40a9-9b98-6eda8c2b059f
mem_jmeter_0024,jmeter0024@loadtest.com,test123,939fc44b-4641-4faf-8e67-498692fab69e
mem_jmeter_0025,jmeter0025@loadtest.com,test123,08d2e602-e327-4ca8-b175-fad1d4aaa22e
mem_jmeter_0026,jmeter0026@loadtest.com,test123,0227c879-4668-4851-bdf9-109f0274bf07
mem_jmeter_0027,jmeter0027@loadtest.com,test123,9ad85343-bbc6-4234-89e1-aad231ae0471
mem_jmeter_0028,jmeter0028@loadtest.com,test123,9859f4e8-c2cf-44c7-bbf0-0e504ee04c20
mem_jmeter_0029,jmeter0029@loadtest.com,test123,1556b4b7-6181-41b8-96f1-d0c562138d3f
mem_jmeter_0030,jmeter0030@loadtest.com,test123,77f7330b-764a-4925-9775-bd4ced9d0bd0
mem_jmeter_0031,jmeter0031@loadtest.com,test123,093ed568-632f-4995-8b6b-173ff0cad9a9
mem_jmeter_0032,jmeter0032@loadtest.com,test123,8f3b5927-7e3e-4d17-951f-972cab6fa2f1
mem_jmeter_0033,jmeter0033@loadtest.com,test123,98224951-c6ce-4148-a257-49dd2f5897d3
mem_jmeter_0034,jmeter0034@loadtest.com,test123,cfdc4ee4-5491-4943-9af3-e134bf926036
mem_jmeter_0035,jmeter0035@loadtest.com,test123,69f204d3-82e4-4385-ab1e-5f94a6379767
mem_jmeter_0036,jmeter0036@loadtest.com,test123,8df93376-952e-4f4a-82cc-0c4378479fef
mem_jmeter_0037,jmeter0037@loadtest.com,test123,e4e0c065-405c-4869-b9e5-c43c47d5d063
mem_jmeter_0038,jmeter0038@loadtest.com,test123,d4f4687e-29e8-4c7e-9583-ec8b5e93de11
mem_jmeter_0039,jmeter0039@loadtest.com,test123,116285f4-2941-437e-b485-12c0d8222aaf
mem_jmeter_0040,jmeter0040@loadtest.com,test123,e3fd788a-e4bf-4df2-9698-d0ce22380a37
mem_jmeter_0041,jmeter0041@loadtest.com,test123,931c31d7-f3b0-4f48-9169-d6511c5fcbb6
mem_jmeter_0042,jmeter0042@loadtest.com,test123,6a5b26d7-66d7-43d9-a7e7-21413848acfb
mem_jmeter_0043,jmeter0043@loadtest.com,test123,c315d2fd-42c5-4acc-a27a-4ce29dff6247
mem_jmeter_0044,jmeter0044@loadtest.com,test123,39134d2c-5e8f-46b0-b9ee-ea25321f2cfb
mem_jmeter_0045,jmeter0045@loadtest.com,test123,e1887c57-ab52-49cf-8e29-9f988d4e67c0
mem_jmeter_0046,jmeter0046@loadtest.com,test123,9605e130-c112-4c44-bc7c-786498cbe0d1
mem_jmeter_0047,jmeter0047@loadtest.com,test123,746f7424-82b7-4233-8e3b-b760d2771ab4
mem_jmeter_0048,jmeter0048@loadtest.com,test123,7c5a4517-e777-48b6-b1f0-9bcec05ce1f7
mem_jmeter_0049,jmeter0049@loadtest.com,test123,428ab9ce-2830-4f52-a844-b8cb8a623ec8
mem_jmeter_0050,jmeter0050@loadtest.com,test123,4a9f4574-5da6-4b5f-9837-2cf4f294dae1
mem_jmeter_0051,jmeter0051@loadtest.com,test123,f424220a-7d9f-4b2c-9e10-406c04e49a0d
mem_jmeter_0052,jmeter0052@loadtest.com,test123,9fcf5619-e5e9-4080-82c1-33a29e328e0f
mem_jmeter_0053,jmeter0053@loadtest.com,test123,ca2037eb-8c32-4c05-8670-6891c214ca92
mem_jmeter_0054,jmeter0054@loadtest.com,test123,0e66e5de-0319-4a39-821e-e0de8bde5ef7
mem_jmeter_0055,jmeter0055@loadtest.com,test123,ecf7b54a-76a2-4e1c-86c4-e4d4bf7e4ae3
mem_jmeter_0056,jmeter0056@loadtest.com,test123,60abf44a-ade5-4187-8383-ff017313c78c
mem_jmeter_0057,jmeter0057@loadtest.com,test123,161f23f0-bf2a-44a8-aeca-820c09b7fc40
mem_jmeter_0058,jmeter0058@loadtest.com,test123,dce1e685-a8e5-4028-ae98-e8e407463a2c
mem_jmeter_0059,jmeter0059@loadtest.com,test123,172dc173-64f0-4b6a-b972-af42e868557b
mem_jmeter_0060,jmeter0060@loadtest.com,test123,3c5626e5-18cc-4084-a0a6-481c8cab7ebf
mem_jmeter_0061,jmeter0061@loadtest.com,test123,72dbb278-069f-4b53-9c71-de9cdc3ccd40
mem_jmeter_0062,jmeter0062@loadtest.com,test123,8a521859-f6e5-4392-ab83-65db6ef51e8f
mem_jmeter_0063,jmeter0063@loadtest.com,test123,76e23921-c17f-450f-9661-b183dbb5f516
mem_jmeter_0064,jmeter0064@loadtest.com,test123,eaa7ab7a-5034-4aef-b7de-a2d1d0a79164
mem_jmeter_0065,jmeter0065@loadtest.com,test123,1f148f53-67fb-44bf-866d-a40ebd833319
mem_jmeter_0066,jmeter0066@loadtest.com,test123,5d848f8c-6089-41bb-aaac-452f6e642cdb
mem_jmeter_0067,jmeter0067@loadtest.com,test123,3aca3652-0291-4c5f-85bb-27f090676b7f
mem_jmeter_0068,jmeter0068@loadtest.com,test123,b01b481f-d5b2-40b4-8ac6-7ee647d64605
mem_jmeter_0069,jmeter0069@loadtest.com,test123,14736616-f334-4185-81a4-6742c4bcb6b3
mem_jmeter_0070,jmeter0070@loadtest.com,test123,734ecb76-35aa-4bcd-8c37-dd34c8ed9f11
mem_jmeter_0071,jmeter0071@loadtest.com,test123,2314cec5-ab58-4962-8b6b-a53d3251cc7d
mem_jmeter_0072,jmeter0072@loadtest.com,test123,db79116d-194b-4c18-88fa-bf1ec10120cb
mem_jmeter_0073,jmeter0073@loadtest.com,test123,462e4430-e108-4c01-9dab-81f39f0a8ef8
mem_jmeter_0074,jmeter0074@loadtest.com,test123,2473f13d-0685-420b-b71a-66c5b63a3aad
mem_jmeter_0075,jmeter0075@loadtest.com,test123,9f00a67d-5112-4fec-913e-66ae8d1a5c4c
mem_jmeter_0076,jmeter0076@loadtest.com,test123,aa426476-39a7-4eb8-b233-3ecf17f99919
mem_jmeter_0077,jmeter0077@loadtest.com,test123,d6f1718e-5b0a-4afc-9d9c-ae4af7846ed7
mem_jmeter_0078,jmeter0078@loadtest.com,test123,8555c51a-4dd3-4ce0-9fc3-c51a815be9c5
mem_jmeter_0079,jmeter0079@loadtest.com,test123,74b1fa85-eb48-4686-b86b-cefad9ea3f85
mem_jmeter_0080,jmeter0080@loadtest.com,test123,fb4db911-2028-431e-9f63-d15e86e1c672
mem_jmeter_0081,jmeter0081@loadtest.com,test123,2fd9558e-b1a2-47bf-8f7b-59c5d4b43c4e
mem_jmeter_0082,jmeter0082@loadtest.com,test123,18c5b4c9-deb2-4404-99d7-29adb763c88b
mem_jmeter_0083,jmeter0083@loadtest.com,test123,0b3b610e-d501-498e-b1ae-3f4d83e1c38d
mem_jmeter_0084,jmeter0084@loadtest.com,test123,de1c4176-51f6-40fc-9f93-c62d9faad4c3
mem_jmeter_0085,jmeter0085@loadtest.com,test123,37e1ed27-1d69-4050-b03d-840f68840b3c
mem_jmeter_0086,jmeter0086@loadtest.com,test123,bf7960a4-daf8-400a-9cfe-7c93c1d1ab39
mem_jmeter_0087,jmeter0087@loadtest.com,test123,12400f90-cc14-4aff-8538-e0564d4427d5
mem_jmeter_0088,jmeter0088@loadtest.com,test123,984f2418-86df-42f9-a113-b21177f4b345
mem_jmeter_0089,jmeter0089@loadtest.com,test123,4bb53b9e-3a49-4c05-9449-d4385e62fcec
mem_jmeter_0090,jmeter0090@loadtest.com,test123,2ecf40a4-5e5e-441a-983f-c024cd15171c
mem_jmeter_0091,jmeter0091@loadtest.com,test123,719537ca-e255-44d0-ad81-c41259a0c80b
mem_jmeter_0092,jmeter0092@loadtest.com,test123,0cd3a9b2-14dd-4904-8a1d-4d26e88cc3f3
mem_jmeter_0093,jmeter0093@loadtest.com,test123,432ac4d9-8b84-4b08-83d2-91e428be9e3b
mem_jmeter_0094,jmeter0094@loadtest.com,test123,7a8c3334-3992-4761-80ce-8d3e5df36bfa
mem_jmeter_0095,jmeter0095@loadtest.com,test123,e21b5122-0fe6-4ba4-9f6d-2e1189eee311
mem_jmeter_0096,jmeter0096@loadtest.com,test123,f1bf4e1c-c1dd-4a47-aa00-a7d1d4345530
mem_jmeter_0097,jmeter0097@loadtest.com,test123,8f985efa-ba44-4af9-a6fe-fe6a1e79ba19
mem_jmeter_0098,jmeter0098@loadtest.com,test123,3ed121e2-3b4e-40c7-86db-aba036955dd5
mem_jmeter_0099,jmeter0099@loadtest.com,test123,66590183-04a5-4fc1-b020-d16a0c16e729
mem_jmeter_0100,jmeter0100@loadtest.com,test123,5e77c484-0e07-4a18-9df0-4809a90d87ba
mem_jmeter_0101,jmeter0101@loadtest.com,test123,bf7e204b-c00f-4dc5-b10f-41fe9c06cac4
mem_jmeter_0102,jmeter0102@loadtest.com,test123,6e645393-2350-4829-b710-071060ab06e4
mem_jmeter_0103,jmeter0103@loadtest.com,test123,cabd67cc-7d13-4813-8a50-0abd4b27be7d
mem_jmeter_0104,jmeter0104@loadtest.com,test123,82c5bc1e-dd5c-4546-a419-a5f9b52dbc79
mem_jmeter_0105,jmeter0105@loadtest.com,test123,00618643-de45-431d-933f-10ef7b84c022
mem_jmeter_0106,jmeter0106@loadtest.com,test123,a5b21d10-a104-419d-a037-b4ee7e25c058
mem_jmeter_0107,jmeter0107@loadtest.com,test123,7b00c304-287d-46f1-b64c-c74366505d99
mem_jmeter_0108,jmeter0108@loadtest.com,test123,6dd6f500-e420-4312-b5e0-95c88bc928bc
mem_jmeter_0109,jmeter0109@loadtest.com,test123,884f1008-18ae-40c9-bd8e-bde75b7a6ef6
mem_jmeter_0110,jmeter0110@loadtest.com,test123,a3cf9a32-3155-4dab-84df-1780c6fab534
mem_jmeter_0111,jmeter0111@loadtest.com,test123,b96267a9-64d8-43ee-b555-d685750a5f58
mem_jmeter_0112,jmeter0112@loadtest.com,test123,06a41c02-f5a1-4697-8c22-3bd875ee7d7d
mem_jmeter_0113,jmeter0113@loadtest.com,test123,4962e456-9473-449a-8a85-81badbb54211
mem_jmeter_0114,jmeter0114@loadtest.com,test123,b672a0ed-2d6f-4a0a-8531-e5e90588b8c2
mem_jmeter_0115,jmeter0115@loadtest.com,test123,c7a25f86-22dc-4923-80db-7e5a46726989
mem_jmeter_0116,jmeter0116@loadtest.com,test123,3e733c08-3299-4a00-b101-61292cf9f354
mem_jmeter_0117,jmeter0117@loadtest.com,test123,bb80774f-699a-48f1-8429-9085ac855fdc
mem_jmeter_0118,jmeter0118@loadtest.com,test123,477685ec-fdb4-44f9-807b-57760d2eacd0
mem_jmeter_0119,jmeter0119@loadtest.com,test123,a3b91f45-d17d-4943-a2ce-1bc957ed8e4f
mem_jmeter_0120,jmeter0120@loadtest.com,test123,55d5f98e-cae3-486e-ba15-eeb5d674d6bf
mem_jmeter_0121,jmeter0121@loadtest.com,test123,7ef985d1-48b6-479a-848e-a9bb92c67813
mem_jmeter_0122,jmeter0122@loadtest.com,test123,eb842720-501a-47f1-b4b8-769cc331c0f1
mem_jmeter_0123,jmeter0123@loadtest.com,test123,888cb9e9-af6b-475f-8686-ac3e8f651a5a
mem_jmeter_0124,jmeter0124@loadtest.com,test123,94275bc9-1ad5-4a9a-bb01-79c0d38087f2
mem_jmeter_0125,jmeter0125@loadtest.com,test123,8d1b9cfc-ae02-40e4-9310-5662c66ed038
mem_jmeter_0126,jmeter0126@loadtest.com,test123,b07448ed-f972-47e7-b319-a90d26f43d45
mem_jmeter_0127,jmeter0127@loadtest.com,test123,efe410fb-19ef-4102-8aec-9d64f116c5e6
mem_jmeter_0128,jmeter0128@loadtest.com,test123,66411529-af65-4c2f-b2ba-f98d0fd10c51
mem_jmeter_0129,jmeter0129@loadtest.com,test123,9c140085-11cb-4208-b5a7-3212e727e7bb
mem_jmeter_0130,jmeter0130@loadtest.com,test123,420c5d2e-1922-48ff-9029-0d3cc3308ff1
mem_jmeter_0131,jmeter0131@loadtest.com,test123,ecf915df-838b-4d84-a4d6-0b2e5e175ad7
mem_jmeter_0132,jmeter0132@loadtest.com,test123,1027b3d0-0664-4620-a2e6-b713effc96a8
mem_jmeter_0133,jmeter0133@loadtest.com,test123,a8c5c589-0c79-4272-996f-627d5cfc399e
mem_jmeter_0134,jmeter0134@loadtest.com,test123,8bd01f5a-9e09-4b58-a0c4-76c137329d12
mem_jmeter_0135,jmeter0135@loadtest.com,test123,4dc67862-b01b-4499-8cb6-0f38d30b7b6b
mem_jmeter_0136,jmeter0136@loadtest.com,test123,9eee7ff3-d5c4-4419-9117-351fe1c19c12
mem_jmeter_0137,jmeter0137@loadtest.com,test123,36511984-e29d-476f-af64-b2d798b6065d
mem_jmeter_0138,jmeter0138@loadtest.com,test123,9f6ec8e4-fa2b-4052-8f47-8cabeb525fec
mem_jmeter_0139,jmeter0139@loadtest.com,test123,35767e63-ef20-42d0-8ea6-35a4e5ad09a2
mem_jmeter_0140,jmeter0140@loadtest.com,test123,0fd1005e-7538-4484-9916-f515cd9e1222
mem_jmeter_0141,jmeter0141@loadtest.com,test123,af914a37-7adb-4426-bc0c-28f8f5d284c3
mem_jmeter_0142,jmeter0142@loadtest.com,test123,cea2990e-7495-49f2-a958-65d205785bcd
mem_jmeter_0143,jmeter0143@loadtest.com,test123,ddc6f8b4-267d-4df7-8373-2a969b5bdb29
mem_jmeter_0144,jmeter0144@loadtest.com,test123,83fbe61e-4871-4810-88d3-28d9b7337809
mem_jmeter_0145,jmeter0145@loadtest.com,test123,b596eb4d-ea44-4d34-a775-c81bfc09449f
mem_jmeter_0146,jmeter0146@loadtest.com,test123,98471b28-5e27-47d7-9731-f4d605119b41
mem_jmeter_0147,jmeter0147@loadtest.com,test123,41ae5e2f-08f6-47bd-a82a-477d15f9e9e6
mem_jmeter_0148,jmeter0148@loadtest.com,test123,6f724575-51fa-4679-b681-2167a1e09650
mem_jmeter_0149,jmeter0149@loadtest.com,test123,70bd466b-d6bd-4780-bf47-c321e279315e
mem_jmeter_0150,jmeter0150@loadtest.com,test123,c1788659-3c2d-4dcf-a657-155c51e81d5d
mem_jmeter_0151,jmeter0151@loadtest.com,test123,3ca7a224-c3c7-421b-8dce-f885f131e900
mem_jmeter_0152,jmeter0152@loadtest.com,test123,339c4160-ceec-42e8-ba01-0c94df3419cd
mem_jmeter_0153,jmeter0153@loadtest.com,test123,7bc21dd9-486e-4745-8f63-89fbad647914
mem_jmeter_0154,jmeter0154@loadtest.com,test123,a1171bf8-1233-41e2-8aa2-cccdfd4aea5c
mem_jmeter_0155,jmeter0155@loadtest.com,test123,071d2078-33c5-482f-8f7c-b9dbcfd0cae5
mem_jmeter_0156,jmeter0156@loadtest.com,test123,d6fcfeea-7659-4243-b62a-698782d9d2e8
mem_jmeter_0157,jmeter0157@loadtest.com,test123,ea2bf578-6c1d-4de9-b920-32d1ee85e26a
mem_jmeter_0158,jmeter0158@loadtest.com,test123,2dc54623-6ff3-4dc8-952a-ea3c52f4d950
mem_jmeter_0159,jmeter0159@loadtest.com,test123,d76e63ae-9274-4d82-aabd-86e93f5ad325
mem_jmeter_0160,jmeter0160@loadtest.com,test123,95ad60d5-685c-4b13-8009-f1f4e38956d9
mem_jmeter_0161,jmeter0161@loadtest.com,test123,02822cc0-432a-483a-ae3f-3aa2d1003145
mem_jmeter_0162,jmeter0162@loadtest.com,test123,ac8e76ce-b406-4528-8a7c-552badbd5c73
mem_jmeter_0163,jmeter0163@loadtest.com,test123,b8a9815d-4e72-46eb-92a1-57fece7537c2
mem_jmeter_0164,jmeter0164@loadtest.com,test123,ae428a84-1d22-489b-aa8d-5f08f170e9f4
mem_jmeter_0165,jmeter0165@loadtest.com,test123,5c58fe15-1d27-40f1-b7a3-fc2cecd8c24f
mem_jmeter_0166,jmeter0166@loadtest.com,test123,bdd83358-73b5-4bc2-ba4c-f98762ce310c
mem_jmeter_0167,jmeter0167@loadtest.com,test123,0d8db809-06c6-42a0-9a57-436e0bd4431f
mem_jmeter_0168,jmeter0168@loadtest.com,test123,93b8dc2c-ba20-40c1-b648-3772f16f4a09
mem_jmeter_0169,jmeter0169@loadtest.com,test123,0856b809-96d5-4826-a1d0-9258273e8ba3
mem_jmeter_0170,jmeter0170@loadtest.com,test123,a5ddf7d2-1677-477f-9568-3caa33a348d1
mem_jmeter_0171,jmeter0171@loadtest.com,test123,0fe88447-1726-4a91-ae70-25eaef42b3a7
mem_jmeter_0172,jmeter0172@loadtest.com,test123,d7ae1f8e-bf16-4d20-93fd-a8b2a021eb22
mem_jmeter_0173,jmeter0173@loadtest.com,test123,45257c4c-ba8c-45da-8c0c-8603f76b4bf3
mem_jmeter_0174,jmeter0174@loadtest.com,test123,f1f1b36f-ab30-49cf-97e9-96759bdcb6fd
mem_jmeter_0175,jmeter0175@loadtest.com,test123,06d570a9-412d-4ea8-ab05-f0ba9956cd36
mem_jmeter_0176,jmeter0176@loadtest.com,test123,81390d33-3ed9-429c-8379-fd88c0327b0c
mem_jmeter_0177,jmeter0177@loadtest.com,test123,ab6da29b-3a4e-4d2d-8032-310cc6b649c1
mem_jmeter_0178,jmeter0178@loadtest.com,test123,a58edd99-62be-4a55-957e-3331d18c1049
mem_jmeter_0179,jmeter0179@loadtest.com,test123,b1b5c2a3-6306-4b64-91dc-6a9c70ffd07d
mem_jmeter_0180,jmeter0180@loadtest.com,test123,36abee2c-ce21-4ba3-bed5-c47d340814ad
mem_jmeter_0181,jmeter0181@loadtest.com,test123,8a9fdd52-8244-4529-822d-99dacfa617b8
mem_jmeter_0182,jmeter0182@loadtest.com,test123,f991acce-c7dc-4057-90a5-c9f6ae985ff2
mem_jmeter_0183,jmeter0183@loadtest.com,test123,3d74f838-a4ae-4971-a846-04be0428cb42
mem_jmeter_0184,jmeter0184@loadtest.com,test123,9ac0d328-7b55-43d7-8ccd-d3ccf0b53e9b
mem_jmeter_0185,jmeter0185@loadtest.com,test123,bf6dc8eb-4469-4878-bc97-5981169440fd
mem_jmeter_0186,jmeter0186@loadtest.com,test123,f1c816aa-3048-4bfb-a923-7e51d2a10d92
mem_jmeter_0187,jmeter0187@loadtest.com,test123,3fc34c96-ba2d-4ace-b983-30617a6ea0f2
mem_jmeter_0188,jmeter0188@loadtest.com,test123,46073636-f709-4cc4-a0a2-a4f06018ab47
mem_jmeter_0189,jmeter0189@loadtest.com,test123,bb3a2887-7e0e-4dd5-b80c-32bf15c880ba
mem_jmeter_0190,jmeter0190@loadtest.com,test123,fbdb26bb-9726-4f44-b796-388b9f49e5c6
mem_jmeter_0191,jmeter0191@loadtest.com,test123,b25fb45b-a448-44e6-8947-209eec7e0905
mem_jmeter_0192,jmeter0192@loadtest.com,test123,3174833a-c60b-4a0b-9b5e-fa0bafcda735
mem_jmeter_0193,jmeter0193@loadtest.com,test123,ba3ed1cd-52ac-4ac9-a555-ca05687a5662
mem_jmeter_0194,jmeter0194@loadtest.com,test123,91cbcd93-b0de-4c51-91f5-cf8c6722ab46
mem_jmeter_0195,jmeter0195@loadtest.com,test123,f657a78e-0e1d-41b4-a647-3e9817e94059
mem_jmeter_0196,jmeter0196@loadtest.com,test123,778724eb-3b12-474a-8896-91ad2f84d78d
mem_jmeter_0197,jmeter0197@loadtest.com,test123,7b951aac-3243-4e94-a4b8-f1dcded18555
mem_jmeter_0198,jmeter0198@loadtest.com,test123,bdf3ab0d-9228-4dfc-9135-ed901e9757f4
mem_jmeter_0199,jmeter0199@loadtest.com,test123,efbf5b89-3f2d-471a-81a1-cf4c4685f72f
mem_jmeter_0200,jmeter0200@loadtest.com,test123,754af5eb-e7f9-491e-8aba-4ba7da9d4aa7
mem_jmeter_0201,jmeter0201@loadtest.com,test123,776e151d-3d88-4b56-90a2-00e7f3a46329
mem_jmeter_0202,jmeter0202@loadtest.com,test123,e3417dad-3b35-4b50-92ad-59cecf23c674
mem_jmeter_0203,jmeter0203@loadtest.com,test123,9c7ca971-f3af-435c-aae0-b05c412b8c6f
mem_jmeter_0204,jmeter0204@loadtest.com,test123,fd7ff968-a8c8-43f7-b0ef-956e2a3d35b4
mem_jmeter_0205,jmeter0205@loadtest.com,test123,8c4d955d-c95e-4bf9-8b90-9fe122470970
mem_jmeter_0206,jmeter0206@loadtest.com,test123,80887358-5522-4e14-9f4b-c52b75138de7
mem_jmeter_0207,jmeter0207@loadtest.com,test123,32184864-4596-4c5d-b51c-bf3c59d7f0af
mem_jmeter_0208,jmeter0208@loadtest.com,test123,af060a89-d438-4eba-bb55-e8467459713e
mem_jmeter_0209,jmeter0209@loadtest.com,test123,bc1d4db4-3d8b-4670-8bdf-bcd8bd3a7ee2
mem_jmeter_0210,jmeter0210@loadtest.com,test123,0481e40e-de5e-417e-9e7a-4846160c88df
mem_jmeter_0211,jmeter0211@loadtest.com,test123,292c24b9-843f-4840-be35-9d4808191dc7
mem_jmeter_0212,jmeter0212@loadtest.com,test123,96ad1d82-a2b4-4425-b671-9e3b45d75f2a
mem_jmeter_0213,jmeter0213@loadtest.com,test123,9a6092da-874a-482c-89ae-a1b00eefae8f
mem_jmeter_0214,jmeter0214@loadtest.com,test123,61fb4220-303d-4362-8631-63971c270aae
mem_jmeter_0215,jmeter0215@loadtest.com,test123,e700aee3-ac23-43d3-87d3-d334f6501698
mem_jmeter_0216,jmeter0216@loadtest.com,test123,ed76efba-1499-4910-bc1d-2aa11b085536
mem_jmeter_0217,jmeter0217@loadtest.com,test123,9ce4f600-b104-46a9-bb4b-35187594acf3
mem_jmeter_0218,jmeter0218@loadtest.com,test123,de429e43-aa5c-4246-ad19-d245877ad83b
mem_jmeter_0219,jmeter0219@loadtest.com,test123,20b4c62f-36f9-4d16-8c99-5b3415937838
mem_jmeter_0220,jmeter0220@loadtest.com,test123,47825079-3290-4ac4-a51a-40e574aa7cbb
mem_jmeter_0221,jmeter0221@loadtest.com,test123,9a45a618-8013-4b89-9cd4-003c4b40f23d
mem_jmeter_0222,jmeter0222@loadtest.com,test123,86ca4fca-0f12-4973-89f9-b4dc3246033d
mem_jmeter_0223,jmeter0223@loadtest.com,test123,221bf0be-a2f5-46a8-82a9-1bc057730f31
mem_jmeter_0224,jmeter0224@loadtest.com,test123,6561e61a-8ea0-4fb8-a72f-07702bc1cc9c
mem_jmeter_0225,jmeter0225@loadtest.com,test123,6d691ac2-9969-4f7c-aefa-3e90b2411062
mem_jmeter_0226,jmeter0226@loadtest.com,test123,99e8985d-321b-422b-86ff-12b5b9160711
mem_jmeter_0227,jmeter0227@loadtest.com,test123,6e9c805e-b1fb-4e4d-a708-00560faa96e3
mem_jmeter_0228,jmeter0228@loadtest.com,test123,bbc64285-bf2c-4c54-bd48-6d6250b7a72c
mem_jmeter_0229,jmeter0229@loadtest.com,test123,17159637-e03b-4026-96f1-c0e553f27f34
mem_jmeter_0230,jmeter0230@loadtest.com,test123,d812666c-1f33-4507-9bfb-d6a4886312b1
mem_jmeter_0231,jmeter0231@loadtest.com,test123,62a597fa-02c0-4ac8-8e25-7abd65e82709
mem_jmeter_0232,jmeter0232@loadtest.com,test123,51dce7c7-3629-435f-92f0-ce820e6c3ffc
mem_jmeter_0233,jmeter0233@loadtest.com,test123,a5fc5686-c222-4751-b82e-9a1c39686935
mem_jmeter_0234,jmeter0234@loadtest.com,test123,9a4a3562-959e-4ed8-8501-ce3eb22a8149
mem_jmeter_0235,jmeter0235@loadtest.com,test123,9de10956-4453-4ee6-958d-383250985ed8
mem_jmeter_0236,jmeter0236@loadtest.com,test123,55c30630-d6f7-4303-a36b-767b270923d8
mem_jmeter_0237,jmeter0237@loadtest.com,test123,310bb557-e8ed-4f53-b6a9-cd3a1b360d8b
mem_jmeter_0238,jmeter0238@loadtest.com,test123,1334f4e3-3aef-4718-bae0-fd342b6feaab
mem_jmeter_0239,jmeter0239@loadtest.com,test123,886354ac-ac08-4606-9187-d8f1941cc6bd
mem_jmeter_0240,jmeter0240@loadtest.com,test123,472f670d-9728-45b1-8c7e-c1200170ab15
mem_jmeter_0241,jmeter0241@loadtest.com,test123,e0e6cfbd-202a-47fb-800c-ea661a060d93
mem_jmeter_0242,jmeter0242@loadtest.com,test123,f6dcf463-5b89-4422-ac21-a6c105497bb7
mem_jmeter_0243,jmeter0243@loadtest.com,test123,f773adab-4a04-43f1-a3c5-d7199ef42cdf
mem_jmeter_0244,jmeter0244@loadtest.com,test123,5ed18f2f-3ee8-46ab-82b3-a8aaaa5eda71
mem_jmeter_0245,jmeter0245@loadtest.com,test123,925972ae-cd1b-42ab-8be9-f9a43e0649bb
mem_jmeter_0246,jmeter0246@loadtest.com,test123,4f0c95b5-c3a8-4568-8045-33137cd033a7
mem_jmeter_0247,jmeter0247@loadtest.com,test123,e9da91fa-aef2-4a1a-ae73-6a2e195f0c59
mem_jmeter_0248,jmeter0248@loadtest.com,test123,5b50440c-55db-4953-987d-4fa5e69d04c2
mem_jmeter_0249,jmeter0249@loadtest.com,test123,f4aa0b1b-80d7-4595-bfdc-017efda27048
mem_jmeter_0250,jmeter0250@loadtest.com,test123,2c808447-4238-46d1-8787-ef6fc1913947
mem_jmeter_0251,jmeter0251@loadtest.com,test123,ce9c55a8-db4b-403b-aa2f-2413ed59a78b
mem_jmeter_0252,jmeter0252@loadtest.com,test123,e1beb612-b724-4cae-8f58-3fc7e3bc960a
mem_jmeter_0253,jmeter0253@loadtest.com,test123,7f266ffb-4839-40d7-9815-855b61cfb7ff
mem_jmeter_0254,jmeter0254@loadtest.com,test123,656035b7-1c93-4048-a050-ea8ad728bc02
mem_jmeter_0255,jmeter0255@loadtest.com,test123,70efa260-93bd-48fd-85a4-f740c52a3209
mem_jmeter_0256,jmeter0256@loadtest.com,test123,2958f11b-cbc2-48fb-9631-38f570cfde56
mem_jmeter_0257,jmeter0257@loadtest.com,test123,12e61068-d935-4811-9f38-f066cea2c477
mem_jmeter_0258,jmeter0258@loadtest.com,test123,b6448a3a-c0c5-401d-8e5f-e4758a79a46a
mem_jmeter_0259,jmeter0259@loadtest.com,test123,44dc897a-84ca-4bd2-8a22-98bd099fc22f
mem_jmeter_0260,jmeter0260@loadtest.com,test123,db1326c1-8962-4d48-be1d-e683b544028c
mem_jmeter_0261,jmeter0261@loadtest.com,test123,9e25ad7c-4ed7-4ad4-bc79-843b0b8120d2
mem_jmeter_0262,jmeter0262@loadtest.com,test123,911492d4-cc82-4094-ab77-5e877cbd6341
mem_jmeter_0263,jmeter0263@loadtest.com,test123,66b6aecb-0ebe-4dc3-bf8f-1fb845f42582
mem_jmeter_0264,jmeter0264@loadtest.com,test123,4a36969d-6d6c-49ff-b17d-537bce114af0
mem_jmeter_0265,jmeter0265@loadtest.com,test123,cd5f2701-b29a-4cee-9634-60c385843d5d
mem_jmeter_0266,jmeter0266@loadtest.com,test123,ab0c5a88-5f6c-4dca-93e2-511217744c93
mem_jmeter_0267,jmeter0267@loadtest.com,test123,db67eaca-9346-48a7-9bf4-f403121f54ea
mem_jmeter_0268,jmeter0268@loadtest.com,test123,395c9a44-13d3-4fa5-92fe-573c5cce540e
mem_jmeter_0269,jmeter0269@loadtest.com,test123,3813aded-3aa7-4943-afd1-05eb8931bf9d
mem_jmeter_0270,jmeter0270@loadtest.com,test123,8916a4ec-2b12-4d22-b2b5-4c050c8da885
mem_jmeter_0271,jmeter0271@loadtest.com,test123,704de487-506c-4afb-8ff3-7ff7647016c2
mem_jmeter_0272,jmeter0272@loadtest.com,test123,e80d315a-e169-4336-94e8-d62ef1cf9d4d
mem_jmeter_0273,jmeter0273@loadtest.com,test123,1c51b749-5999-483f-aeb4-b161e24d5323
mem_jmeter_0274,jmeter0274@loadtest.com,test123,b9c24dea-cada-4970-82a8-2fde1f937989
mem_jmeter_0275,jmeter0275@loadtest.com,test123,a6b6a40d-df32-4b63-add3-148533f2d585
mem_jmeter_0276,jmeter0276@loadtest.com,test123,0b8d82fd-46a3-4082-9ae1-bfbae76b358b
mem_jmeter_0277,jmeter0277@loadtest.com,test123,1c71f3cf-d81c-4a37-839e-033be4352481
mem_jmeter_0278,jmeter0278@loadtest.com,test123,8939bcb4-326f-4638-ba15-0f805a1a85d9
mem_jmeter_0279,jmeter0279@loadtest.com,test123,bc3993ad-1c67-4e6e-abf9-c0798fbbaad4
mem_jmeter_0280,jmeter0280@loadtest.com,test123,c147c235-2e4f-4ff4-b8d1-18f2c6e050bf
mem_jmeter_0281,jmeter0281@loadtest.com,test123,b3ff6dee-d585-4655-9caf-cc9307cb0bbd
mem_jmeter_0282,jmeter0282@loadtest.com,test123,c1c5264e-6e44-4464-a42f-b7f48ec824b4
mem_jmeter_0283,jmeter0283@loadtest.com,test123,d0b0eb75-a070-4bbd-b383-4f7d252ef3aa
mem_jmeter_0284,jmeter0284@loadtest.com,test123,4e520ff5-9acb-4897-a57a-a892daddc61b
mem_jmeter_0285,jmeter0285@loadtest.com,test123,30126d04-c4f9-4652-9e6f-35661ea0d855
mem_jmeter_0286,jmeter0286@loadtest.com,test123,a8483582-20e4-4b68-9a04-9463eadb7380
mem_jmeter_0287,jmeter0287@loadtest.com,test123,491f4222-9216-4100-bb22-96b573176fc1
mem_jmeter_0288,jmeter0288@loadtest.com,test123,750e3a1e-56b7-48a3-b1f8-c231b948c447
mem_jmeter_0289,jmeter0289@loadtest.com,test123,32b8c13c-ad4d-4eca-9545-9aaed5aa1ec0
mem_jmeter_0290,jmeter0290@loadtest.com,test123,c9bde7d3-84b6-4266-b1bc-846ca202d14f
mem_jmeter_0291,jmeter0291@loadtest.com,test123,993aecb4-993e-4e10-9521-b0c5247b4559
mem_jmeter_0292,jmeter0292@loadtest.com,test123,72702498-acc0-481b-8c27-3d9f23452ffa
mem_jmeter_0293,jmeter0293@loadtest.com,test123,845a9214-0740-4665-9e3a-e0b4c45d7f83
mem_jmeter_0294,jmeter0294@loadtest.com,test123,22705432-3d41-482c-814b-c6a90062970f
mem_jmeter_0295,jmeter0295@loadtest.com,test123,9b5f08a4-5629-41c5-93d6-c93b7ee3ee83
mem_jmeter_0296,jmeter0296@loadtest.com,test123,1489386f-f4ce-4139-a3e0-9f26602e2de1
mem_jmeter_0297,jmeter0297@loadtest.com,test123,629221dc-8cfa-4bd4-bfa5-a41054257078
mem_jmeter_0298,jmeter0298@loadtest.com,test123,48b6db32-0d35-4053-a246-dec7ff5d74e4
mem_jmeter_0299,jmeter0299@loadtest.com,test123,48ab0874-d707-4187-b902-6bea72f3ba07
mem_jmeter_0300,jmeter0300@loadtest.com,test123,197b2cea-367a-464f-8853-637150c21a39
mem_jmeter_0301,jmeter0301@loadtest.com,test123,ed82e8a1-b793-4267-ab99-cece5f7d9e33
mem_jmeter_0302,jmeter0302@loadtest.com,test123,19605992-26b3-4317-8bf1-dd10e7b669b0
mem_jmeter_0303,jmeter0303@loadtest.com,test123,e7da5256-a3eb-4a8a-b275-472c4b0b3ffb
mem_jmeter_0304,jmeter0304@loadtest.com,test123,c245d772-cc5a-42ef-8eb3-1cb583ad6ab0
mem_jmeter_0305,jmeter0305@loadtest.com,test123,a2df4a74-b3ed-4420-818d-52c0a0ea2417
mem_jmeter_0306,jmeter0306@loadtest.com,test123,ebc4f015-244b-4398-9927-6e2e98686684
mem_jmeter_0307,jmeter0307@loadtest.com,test123,de2024a1-a9ac-472c-b109-294814e91da7
mem_jmeter_0308,jmeter0308@loadtest.com,test123,cff7a05a-a2a2-4cbb-b836-46aaf83f03cc
mem_jmeter_0309,jmeter0309@loadtest.com,test123,f62445db-cf37-4af6-8d35-60e5f7f3e511
mem_jmeter_0310,jmeter0310@loadtest.com,test123,e463ff35-a3e2-4820-aa7c-b9a1e487b49a
mem_jmeter_0311,jmeter0311@loadtest.com,test123,bf40585f-da36-49c1-b30f-4428a9cf1b46
mem_jmeter_0312,jmeter0312@loadtest.com,test123,14ea8a64-0cad-45d3-91ee-61717cad1ceb
mem_jmeter_0313,jmeter0313@loadtest.com,test123,28e83304-3899-4f4d-8caf-0b040cf02d7f
mem_jmeter_0314,jmeter0314@loadtest.com,test123,0df9ab63-b409-4de8-ad3d-c5d1e6ef2602
mem_jmeter_0315,jmeter0315@loadtest.com,test123,e47d0cb4-d86d-4610-8e03-3c981c2e5d3f
mem_jmeter_0316,jmeter0316@loadtest.com,test123,4c685196-4760-4154-91da-eef67367e6d8
mem_jmeter_0317,jmeter0317@loadtest.com,test123,20f021ed-397f-42e3-9865-78e0d5b08851
mem_jmeter_0318,jmeter0318@loadtest.com,test123,41110632-2ec4-4737-aaa8-f85cdf31d28a
mem_jmeter_0319,jmeter0319@loadtest.com,test123,ab921ce5-185c-43d2-af54-7b24220b95f0
mem_jmeter_0320,jmeter0320@loadtest.com,test123,38cd590b-0916-48bf-8b8c-4ad03b60a5ff
mem_jmeter_0321,jmeter0321@loadtest.com,test123,c2603e07-a5e5-4be6-b9c5-57856d2feb51
mem_jmeter_0322,jmeter0322@loadtest.com,test123,d1c340da-6c84-41c4-9c29-33b7ebfc5b74
mem_jmeter_0323,jmeter0323@loadtest.com,test123,80ff6621-10c5-40b5-a346-9f9f92de79e8
mem_jmeter_0324,jmeter0324@loadtest.com,test123,668b8038-43d7-40e9-ba1d-4175584bdd3c
mem_jmeter_0325,jmeter0325@loadtest.com,test123,323ec819-a4af-49b2-b335-c264798f67f1
mem_jmeter_0326,jmeter0326@loadtest.com,test123,5c1cb665-feab-4eea-9205-cc0bb5fe24b3
mem_jmeter_0327,jmeter0327@loadtest.com,test123,f4272113-56f1-4734-97c7-a6adeb1763b4
mem_jmeter_0328,jmeter0328@loadtest.com,test123,527ff833-cca7-4e80-9b94-44294718d183
mem_jmeter_0329,jmeter0329@loadtest.com,test123,c9e1bbce-4552-44a0-ad4a-82700ebf6b87
mem_jmeter_0330,jmeter0330@loadtest.com,test123,53dbfb21-966e-4a32-a660-6c01495512ae
mem_jmeter_0331,jmeter0331@loadtest.com,test123,cfc8ed7f-c1f1-4e4f-bf2d-1e226bf6d7ad
mem_jmeter_0332,jmeter0332@loadtest.com,test123,6ad0029a-030e-48fe-91ee-40a5ef0ffdf0
mem_jmeter_0333,jmeter0333@loadtest.com,test123,f55520f8-0915-48f1-a2bf-636fe8e20205
mem_jmeter_0334,jmeter0334@loadtest.com,test123,b3d0dc65-9542-4a95-9f6a-dd9d5536d295
mem_jmeter_0335,jmeter0335@loadtest.com,test123,04784092-3ec6-404c-afae-b672de89f389
mem_jmeter_0336,jmeter0336@loadtest.com,test123,ebb7ea22-f8b6-4d2a-8cc3-5f5b9d935fb4
mem_jmeter_0337,jmeter0337@loadtest.com,test123,3f24fcf8-e06b-4973-a6ea-bc420cc82dd2
mem_jmeter_0338,jmeter0338@loadtest.com,test123,724c1732-adeb-42cb-b913-fe69b1f929ac
mem_jmeter_0339,jmeter0339@loadtest.com,test123,57acd731-833c-482f-a1f8-d235c0dc4169
mem_jmeter_0340,jmeter0340@loadtest.com,test123,e412e34e-ff09-4f5c-becb-1a562fe49bda
mem_jmeter_0341,jmeter0341@loadtest.com,test123,55d68ac0-d73b-4da6-a924-74eb28ea4fe0
mem_jmeter_0342,jmeter0342@loadtest.com,test123,e03f147a-d9ff-4f74-a567-cd543021c84c
mem_jmeter_0343,jmeter0343@loadtest.com,test123,34a07522-145c-4608-9ddb-789ce8aaeecb
mem_jmeter_0344,jmeter0344@loadtest.com,test123,1c47f1c9-984f-400a-938c-038c1658529b
mem_jmeter_0345,jmeter0345@loadtest.com,test123,5fba4e21-8143-45d1-a899-c27ece26d13f
mem_jmeter_0346,jmeter0346@loadtest.com,test123,4fea5bbe-a361-4526-a0cb-530b2ceb81fc
mem_jmeter_0347,jmeter0347@loadtest.com,test123,d733231a-7e91-454a-8992-807fde6a3d35
mem_jmeter_0348,jmeter0348@loadtest.com,test123,156775df-455e-425f-9b09-22824f7a029f
mem_jmeter_0349,jmeter0349@loadtest.com,test123,a549a8a1-37e6-4b05-839a-3846d6c719b0
mem_jmeter_0350,jmeter0350@loadtest.com,test123,ee000bbc-ed27-4a89-b371-8511a44e5ad6
mem_jmeter_0351,jmeter0351@loadtest.com,test123,56311cd9-2a5a-43d4-8f4c-dfb939bfb29e
mem_jmeter_0352,jmeter0352@loadtest.com,test123,ac44716b-e5d2-408e-9e10-1f273b77da9f
mem_jmeter_0353,jmeter0353@loadtest.com,test123,2dc9043a-e258-4192-8e6d-ac8da3f19c64
mem_jmeter_0354,jmeter0354@loadtest.com,test123,ace13d8f-9e3e-4e68-8741-3960dbcbbb62
mem_jmeter_0355,jmeter0355@loadtest.com,test123,1c5312ed-2e7c-4033-8e97-5b3a1a9656da
mem_jmeter_0356,jmeter0356@loadtest.com,test123,25b1c5ce-37da-41e5-b679-d39f24126e10
mem_jmeter_0357,jmeter0357@loadtest.com,test123,11619a0d-06ba-4c94-a6ae-0e2fd7dbe878
mem_jmeter_0358,jmeter0358@loadtest.com,test123,b36a2acf-b6e5-46dc-a5ad-a57e88239817
mem_jmeter_0359,jmeter0359@loadtest.com,test123,af8aeaf3-c676-450e-a00c-deabd5e19a01
mem_jmeter_0360,jmeter0360@loadtest.com,test123,baae7539-79bf-4900-a5de-45795b5623c1
mem_jmeter_0361,jmeter0361@loadtest.com,test123,f7b1a846-9110-43ae-b7ce-03769a4e8a67
mem_jmeter_0362,jmeter0362@loadtest.com,test123,530dc0dc-ade9-4e2d-865f-b3be1586114e
mem_jmeter_0363,jmeter0363@loadtest.com,test123,06aa4615-487d-4247-8497-8a640e861578
mem_jmeter_0364,jmeter0364@loadtest.com,test123,0f275894-3e00-4ab5-8b04-ab36d6608c1b
mem_jmeter_0365,jmeter0365@loadtest.com,test123,8d011d81-2ac4-41b1-b438-0463753ca77b
mem_jmeter_0366,jmeter0366@loadtest.com,test123,c99d8c1b-eb9e-4bd3-944d-07a1bcef4d0a
mem_jmeter_0367,jmeter0367@loadtest.com,test123,524e6525-2de8-4f02-b658-5eea897b5014
mem_jmeter_0368,jmeter0368@loadtest.com,test123,51a587b9-6f4e-4f53-819f-725b6dde6109
mem_jmeter_0369,jmeter0369@loadtest.com,test123,02a18450-8580-4576-92ea-acb34054bb5c
mem_jmeter_0370,jmeter0370@loadtest.com,test123,eb60fff4-f3a7-44f0-bb86-54966d2a9817
mem_jmeter_0371,jmeter0371@loadtest.com,test123,224050e8-b091-4334-8a10-8d569831a27c
mem_jmeter_0372,jmeter0372@loadtest.com,test123,7814ff3d-a945-4ed5-9975-8f7ea3e3909e
mem_jmeter_0373,jmeter0373@loadtest.com,test123,5f0b5bd0-c3f7-4e3a-a76d-afd667a6b739
mem_jmeter_0374,jmeter0374@loadtest.com,test123,5edf656b-8208-4168-b5d7-563417cc9e57
mem_jmeter_0375,jmeter0375@loadtest.com,test123,2fc8b4d3-1de9-4134-9053-7e268edc87ef
mem_jmeter_0376,jmeter0376@loadtest.com,test123,3f3474d8-8cfa-4241-abda-529b32c9f578
mem_jmeter_0377,jmeter0377@loadtest.com,test123,9e11a536-3121-42cc-969d-31f786e7ea40
mem_jmeter_0378,jmeter0378@loadtest.com,test123,7cf8f02a-1d00-4fc0-a97b-d76c30150225
mem_jmeter_0379,jmeter0379@loadtest.com,test123,30b0076e-3d1b-4d8b-b226-3a0cabaff216
mem_jmeter_0380,jmeter0380@loadtest.com,test123,9b7b0c77-7de3-4c18-aa20-32d2dd24122a
mem_jmeter_0381,jmeter0381@loadtest.com,test123,7accf058-eaf2-4752-9948-a5e8983ede34
mem_jmeter_0382,jmeter0382@loadtest.com,test123,6bbe5874-19c6-4bc6-ba91-b2c7bd3db3bb
mem_jmeter_0383,jmeter0383@loadtest.com,test123,5dfb9e08-d492-475b-b189-2311c66c11fa
mem_jmeter_0384,jmeter0384@loadtest.com,test123,673018df-4e93-47f0-9857-2376b5bc9d3a
mem_jmeter_0385,jmeter0385@loadtest.com,test123,cf955d4e-b085-4997-aac5-37c68e091440
mem_jmeter_0386,jmeter0386@loadtest.com,test123,c60afaa0-d658-47b9-8723-d23630811d23
mem_jmeter_0387,jmeter0387@loadtest.com,test123,b461f757-b914-4384-9d1c-9b4f3a77308e
mem_jmeter_0388,jmeter0388@loadtest.com,test123,9726b58d-804e-4ad7-9aed-793c490f2579
mem_jmeter_0389,jmeter0389@loadtest.com,test123,6858f45e-21c4-4959-976d-2ba3cebe01be
mem_jmeter_0390,jmeter0390@loadtest.com,test123,7e07f872-3e3a-4f18-98c7-b31c36fa30c3
mem_jmeter_0391,jmeter0391@loadtest.com,test123,ef819fcd-3a4c-4e94-9548-c6b4a3227bd5
mem_jmeter_0392,jmeter0392@loadtest.com,test123,a1010977-6a2f-42c4-bb40-27d9465e2eb4
mem_jmeter_0393,jmeter0393@loadtest.com,test123,ffa2fc8a-4c7a-4198-a7d0-e9de713f4845
mem_jmeter_0394,jmeter0394@loadtest.com,test123,8c1da50c-2840-4db7-acef-dfef2c4457c3
mem_jmeter_0395,jmeter0395@loadtest.com,test123,2a17d39c-1847-4aff-82e9-9432637f669a
mem_jmeter_0396,jmeter0396@loadtest.com,test123,81bb34ec-a20a-4687-a7b0-b3ef8b943ab9
mem_jmeter_0397,jmeter0397@loadtest.com,test123,70800fe5-6cd1-46a2-9fda-6dd9b62118fa
mem_jmeter_0398,jmeter0398@loadtest.com,test123,0199911d-6cae-4774-b275-57a5719d01b3
mem_jmeter_0399,jmeter0399@loadtest.com,test123,3f80d061-845c-4935-9551-5e2ac52737b5
mem_jmeter_0400,jmeter0400@loadtest.com,test123,c2bd117e-79b5-44fb-ade0-6e223e3f0118
mem_jmeter_0401,jmeter0401@loadtest.com,test123,6985210b-b364-4f3a-b01f-d5e1354cc171
mem_jmeter_0402,jmeter0402@loadtest.com,test123,a6c95ef6-a3e5-4e43-bbde-ebb98a63f031
mem_jmeter_0403,jmeter0403@loadtest.com,test123,bbb8b305-47da-4b9a-bfae-386badffe1d8
mem_jmeter_0404,jmeter0404@loadtest.com,test123,5813f569-4808-411b-9914-1fba1761d368
mem_jmeter_0405,jmeter0405@loadtest.com,test123,942a1811-32e0-4cd9-b553-9f56d3032fa7
mem_jmeter_0406,jmeter0406@loadtest.com,test123,030391f3-9016-4ec2-8206-88c807465695
mem_jmeter_0407,jmeter0407@loadtest.com,test123,e44c359d-5e5a-4dfb-a917-d731bf01cbcd
mem_jmeter_0408,jmeter0408@loadtest.com,test123,2de5585d-ce2e-413e-a4ea-e551d332043a
mem_jmeter_0409,jmeter0409@loadtest.com,test123,abc5a147-4cd6-49ca-9c59-8ba738837482
mem_jmeter_0410,jmeter0410@loadtest.com,test123,07d9e114-fa5c-409d-afec-d0addfc1673b
mem_jmeter_0411,jmeter0411@loadtest.com,test123,2a3b73e8-2e89-4b32-aef7-9a1f66d05040
mem_jmeter_0412,jmeter0412@loadtest.com,test123,6004bc9f-3266-416e-91f3-227de13a3275
mem_jmeter_0413,jmeter0413@loadtest.com,test123,c03d922b-97d5-4cf5-aa32-7ca968827714
mem_jmeter_0414,jmeter0414@loadtest.com,test123,d17920c6-2d1c-44d5-87bf-541c83597a2c
mem_jmeter_0415,jmeter0415@loadtest.com,test123,2101e573-ff75-47c7-91b7-4f7426e4244f
mem_jmeter_0416,jmeter0416@loadtest.com,test123,ff5d332f-73fa-49e9-94f6-9925df722abe
mem_jmeter_0417,jmeter0417@loadtest.com,test123,077d63ed-75fa-4cf4-bfd2-b0826686fabb
mem_jmeter_0418,jmeter0418@loadtest.com,test123,ba4abea5-4d50-4be0-8e66-2633d4725c93
mem_jmeter_0419,jmeter0419@loadtest.com,test123,6aad79ea-e7c1-424a-9f29-c26edd146581
mem_jmeter_0420,jmeter0420@loadtest.com,test123,fa035602-ff8a-4497-9b5a-33f2212461dd
mem_jmeter_0421,jmeter0421@loadtest.com,test123,858821aa-ba58-4106-90a6-57080f6fb1fd
mem_jmeter_0422,jmeter0422@loadtest.com,test123,319493bf-7fbf-4533-ad7e-ebeca0eee66f
mem_jmeter_0423,jmeter0423@loadtest.com,test123,315d4933-e826-465e-bf2f-5b518bfd4fb4
mem_jmeter_0424,jmeter0424@loadtest.com,test123,45734b23-f19b-452b-a0f5-1b25654fc97d
mem_jmeter_0425,jmeter0425@loadtest.com,test123,cc812642-aeac-4375-85f4-1090e138b398
mem_jmeter_0426,jmeter0426@loadtest.com,test123,cc113907-8621-4aaa-8f7a-9f9298eb4826
mem_jmeter_0427,jmeter0427@loadtest.com,test123,5eb87658-7948-4c8c-bf28-101a24ed51b0
mem_jmeter_0428,jmeter0428@loadtest.com,test123,0b6be2d1-96f8-4f2e-abe5-5b59df112c5b
mem_jmeter_0429,jmeter0429@loadtest.com,test123,1a006f4f-0270-4b3f-a2e2-28de24a5e404
mem_jmeter_0430,jmeter0430@loadtest.com,test123,ab6ebb82-7cde-4774-a05e-fd049dc775cc
mem_jmeter_0431,jmeter0431@loadtest.com,test123,d9b9e9a5-d138-49a7-84f3-51ba5e344117
mem_jmeter_0432,jmeter0432@loadtest.com,test123,7b3227e3-7ffe-42c2-881f-ab4bf853b4ba
mem_jmeter_0433,jmeter0433@loadtest.com,test123,355d92a9-2ade-448b-abab-a4b156c06efc
mem_jmeter_0434,jmeter0434@loadtest.com,test123,15b1bec4-3627-42fc-a850-403bbc9ddab3
mem_jmeter_0435,jmeter0435@loadtest.com,test123,cc79fe6c-397a-4e9e-a068-e66e27d17803
mem_jmeter_0436,jmeter0436@loadtest.com,test123,3aa5484e-fb2c-4590-a06e-57f34ec14d5d
mem_jmeter_0437,jmeter0437@loadtest.com,test123,1e954594-41d1-4691-8ce3-072a5a5e0646
mem_jmeter_0438,jmeter0438@loadtest.com,test123,29961673-c020-4762-80a6-eded3fbd2a2b
mem_jmeter_0439,jmeter0439@loadtest.com,test123,a815118a-a67c-4a4a-99b1-985c45554321
mem_jmeter_0440,jmeter0440@loadtest.com,test123,1231a918-1cd0-42a9-b03f-28c1705e9dfc
mem_jmeter_0441,jmeter0441@loadtest.com,test123,f16ed09a-8930-4eda-af64-b8c73fa7d282
mem_jmeter_0442,jmeter0442@loadtest.com,test123,eb62e00c-f456-4aae-9bf6-b7bf61c03b92
mem_jmeter_0443,jmeter0443@loadtest.com,test123,d575291d-e0cd-4343-a168-c6298cec8041
mem_jmeter_0444,jmeter0444@loadtest.com,test123,a4342f1f-5f93-4ba2-b292-2504be3a4955
mem_jmeter_0445,jmeter0445@loadtest.com,test123,e7ece4f8-b6f2-4998-ae66-a727a629c949
mem_jmeter_0446,jmeter0446@loadtest.com,test123,05a989ac-9728-48af-8035-2f87738e3e2f
mem_jmeter_0447,jmeter0447@loadtest.com,test123,42ca37e8-3ae3-498b-bf6b-0b7a4d0eae83
mem_jmeter_0448,jmeter0448@loadtest.com,test123,9ab7b41f-aeae-4e29-af9f-8b49a449b2f6
mem_jmeter_0449,jmeter0449@loadtest.com,test123,c14b3f55-3473-4f85-9153-535e095f5644
mem_jmeter_0450,jmeter0450@loadtest.com,test123,7723362d-c1cf-4aac-90fb-bc8e3d5315ab
mem_jmeter_0451,jmeter0451@loadtest.com,test123,b3e9c91c-b1cf-495a-970a-ead64b0d484d
mem_jmeter_0452,jmeter0452@loadtest.com,test123,b51a3125-b133-48b4-a471-083a3ed5ced0
mem_jmeter_0453,jmeter0453@loadtest.com,test123,3c729d73-618b-4b22-9d00-32a250969827
mem_jmeter_0454,jmeter0454@loadtest.com,test123,6e0fc872-e810-4f55-ae41-1e9f81340986
mem_jmeter_0455,jmeter0455@loadtest.com,test123,50c548e1-51b5-4e58-a8a2-00ccfdcd40fe
mem_jmeter_0456,jmeter0456@loadtest.com,test123,aac6f287-0536-4cc0-a0da-bd0ffacad60c
mem_jmeter_0457,jmeter0457@loadtest.com,test123,2629bb07-0de9-4e48-816e-f8b57f38a9eb
mem_jmeter_0458,jmeter0458@loadtest.com,test123,bc8eb4fd-ce22-48aa-81fb-2386e17e0aa6
mem_jmeter_0459,jmeter0459@loadtest.com,test123,8ba38691-05f4-4b0d-a39e-d7b416710e6f
mem_jmeter_0460,jmeter0460@loadtest.com,test123,a4641b95-9fbd-4613-a681-1f64c46d8254
mem_jmeter_0461,jmeter0461@loadtest.com,test123,4eacde33-7c31-4c01-9668-932e872173e0
mem_jmeter_0462,jmeter0462@loadtest.com,test123,0a290dcc-f63f-4067-9f4e-21e863698a5c
mem_jmeter_0463,jmeter0463@loadtest.com,test123,dad0ee9f-b588-4711-9443-1e7868095ae9
mem_jmeter_0464,jmeter0464@loadtest.com,test123,c24a35dd-4146-4534-b1c6-7d30b26b2b99
mem_jmeter_0465,jmeter0465@loadtest.com,test123,3608ab7e-876b-4699-970d-c838e3e0e6f7
mem_jmeter_0466,jmeter0466@loadtest.com,test123,d91eefa0-178e-4fb0-b9f3-1ec0d8528d46
mem_jmeter_0467,jmeter0467@loadtest.com,test123,44ef155a-3ab5-4be1-8224-a1a6f062d48c
mem_jmeter_0468,jmeter0468@loadtest.com,test123,18208a74-b234-425c-a308-cb32e1cc5e76
mem_jmeter_0469,jmeter0469@loadtest.com,test123,5d5b45f2-e4e3-40a7-bc58-e6cb5d810288
mem_jmeter_0470,jmeter0470@loadtest.com,test123,ebacff64-6b23-4af0-8c54-3f2a80018344
mem_jmeter_0471,jmeter0471@loadtest.com,test123,8e3f76bb-5df9-43cd-a352-2ea0ccfd06a7
mem_jmeter_0472,jmeter0472@loadtest.com,test123,d0298f15-b3ba-42dd-b338-03439a2a287c
mem_jmeter_0473,jmeter0473@loadtest.com,test123,0cd8c96c-2712-4e63-979b-3b7dabc6aecc
mem_jmeter_0474,jmeter0474@loadtest.com,test123,8d254403-505d-4ec0-aa26-00a43b4316fb
mem_jmeter_0475,jmeter0475@loadtest.com,test123,f5af43aa-bb32-4c7b-9875-8768bda4315d
mem_jmeter_0476,jmeter0476@loadtest.com,test123,d7571f32-f70f-4f9a-850a-667e07922bcb
mem_jmeter_0477,jmeter0477@loadtest.com,test123,44dca8df-da43-4906-ba44-de5caea1c328
mem_jmeter_0478,jmeter0478@loadtest.com,test123,eb57102b-0204-44c2-b87b-06169123566a
mem_jmeter_0479,jmeter0479@loadtest.com,test123,0799220e-9c23-4b78-b678-a00d62d4a178
mem_jmeter_0480,jmeter0480@loadtest.com,test123,ca2b217c-ef6e-4511-a394-5169af3f4cd2
mem_jmeter_0481,jmeter0481@loadtest.com,test123,ce8d14aa-171f-48ab-a4d5-3723fdf21143
mem_jmeter_0482,jmeter0482@loadtest.com,test123,b59def38-e42f-433b-893e-1ff4869d4ddf
mem_jmeter_0483,jmeter0483@loadtest.com,test123,37f846d5-49b4-4080-8dde-bcf05a80ce67
mem_jmeter_0484,jmeter0484@loadtest.com,test123,05fd1a3f-1398-41a0-acaa-16e60ca5f407
mem_jmeter_0485,jmeter0485@loadtest.com,test123,1c1f2362-45fe-418b-b040-56957023193c
mem_jmeter_0486,jmeter0486@loadtest.com,test123,b44b067d-3234-4c56-a2dd-ba116790946b
mem_jmeter_0487,jmeter0487@loadtest.com,test123,78e7dda0-54e8-4eef-8de5-71770e4ddd20
mem_jmeter_0488,jmeter0488@loadtest.com,test123,2754719c-13d3-437b-9e12-083bbf5100fd
mem_jmeter_0489,jmeter0489@loadtest.com,test123,89849aaa-619c-4604-924d-d52c186bdfc1
mem_jmeter_0490,jmeter0490@loadtest.com,test123,7a5da005-bfa4-4d14-83dc-abd37be237c3
mem_jmeter_0491,jmeter0491@loadtest.com,test123,4605f656-4c2c-464d-a2eb-3e7800fb3b67
mem_jmeter_0492,jmeter0492@loadtest.com,test123,1c459269-ef7d-4ebc-9e20-58c4e11962ec
mem_jmeter_0493,jmeter0493@loadtest.com,test123,3f5bd88f-0afe-4656-8271-4b35a4aca762
mem_jmeter_0494,jmeter0494@loadtest.com,test123,95720422-35fa-49f5-9b75-5e1c3274b2e0
mem_jmeter_0495,jmeter0495@loadtest.com,test123,67e6a17f-5d0f-4bf2-919a-0803cb1589ad
mem_jmeter_0496,jmeter0496@loadtest.com,test123,d3c20ada-c888-42a9-9829-4e80ca62e93e
mem_jmeter_0497,jmeter0497@loadtest.com,test123,50e570f9-b601-4cb5-9e65-49cd212d032a
mem_jmeter_0498,jmeter0498@loadtest.com,test123,b935ecdf-2136-4630-b098-218b07ab149c
mem_jmeter_0499,jmeter0499@loadtest.com,test123,419ffe70-a355-4cd1-93ef-1c5d484b1732
mem_jmeter_0500,jmeter0500@loadtest.com,test123,e69ee808-7258-4b62-9cee-1a7a5cbc1ab1
mem_jmeter_0501,jmeter0501@loadtest.com,test123,a56dd512-6d7e-4256-a044-edf4b2a79408
mem_jmeter_0502,jmeter0502@loadtest.com,test123,4ab88757-a173-44c3-bb67-786643fd2c34
mem_jmeter_0503,jmeter0503@loadtest.com,test123,725ea079-5e6e-42b0-8153-0e313bc9d6a2
mem_jmeter_0504,jmeter0504@loadtest.com,test123,622303d6-d51c-4891-9dbd-68517cd00530
mem_jmeter_0505,jmeter0505@loadtest.com,test123,019edc2a-b84b-4971-8a14-edae03ef63ed
mem_jmeter_0506,jmeter0506@loadtest.com,test123,fab0594d-cbad-4120-afef-190a43a162c5
mem_jmeter_0507,jmeter0507@loadtest.com,test123,105a188f-e2fc-40da-bd8f-739561b7d941
mem_jmeter_0508,jmeter0508@loadtest.com,test123,4e8eada4-87ea-4a8f-9ca9-8df7d95b10b2
mem_jmeter_0509,jmeter0509@loadtest.com,test123,8e36027a-50e0-432f-8228-b9ab799e93d1
mem_jmeter_0510,jmeter0510@loadtest.com,test123,0449df90-dda7-4d2e-a738-dbfa2ec9634c
mem_jmeter_0511,jmeter0511@loadtest.com,test123,93470a7d-09ba-4268-befc-9e801fff50cc
mem_jmeter_0512,jmeter0512@loadtest.com,test123,dafb17f9-02ed-4f24-870b-32e85af33b6b
mem_jmeter_0513,jmeter0513@loadtest.com,test123,91397df4-b820-4d2e-b370-744442d516fd
mem_jmeter_0514,jmeter0514@loadtest.com,test123,ecfb4c5b-e8d0-48cb-9cc4-1edbcccd15c5
mem_jmeter_0515,jmeter0515@loadtest.com,test123,7085531b-a45e-4030-8217-a107e5981738
mem_jmeter_0516,jmeter0516@loadtest.com,test123,23fa30a6-0863-4dbf-929c-3ae56b5fe5bc
mem_jmeter_0517,jmeter0517@loadtest.com,test123,ebc905e4-a5cb-4354-8d02-f7955b4eba09
mem_jmeter_0518,jmeter0518@loadtest.com,test123,da7d7a11-a45d-43bb-b51b-4c368b4189e0
mem_jmeter_0519,jmeter0519@loadtest.com,test123,a4ec7bc4-11fb-47d2-a107-2cbe9edf732a
mem_jmeter_0520,jmeter0520@loadtest.com,test123,acd625f5-8ba4-48f5-bbe9-988d26323de8
mem_jmeter_0521,jmeter0521@loadtest.com,test123,81266725-b92d-445b-8acc-2bb9f665baff
mem_jmeter_0522,jmeter0522@loadtest.com,test123,b478435d-dd1a-4885-9a25-c5a32d3735b8
mem_jmeter_0523,jmeter0523@loadtest.com,test123,4cf91e14-5d79-498f-82fa-db9287de2719
mem_jmeter_0524,jmeter0524@loadtest.com,test123,d25ecf4e-7a9a-4fb9-8215-6d1736e235c1
mem_jmeter_0525,jmeter0525@loadtest.com,test123,82ba4398-2bf5-44aa-b2c3-d5587ec813e3
mem_jmeter_0526,jmeter0526@loadtest.com,test123,9ccb06d8-99f0-41fc-838e-d3a0d3278cda
mem_jmeter_0527,jmeter0527@loadtest.com,test123,df9de519-5622-4076-8717-36d3b91ec6d1
mem_jmeter_0528,jmeter0528@loadtest.com,test123,1324fcfa-cdde-498a-bacb-8cbaf4a609c3
mem_jmeter_0529,jmeter0529@loadtest.com,test123,20622fef-2248-4a90-8dd3-6b796d9f2949
mem_jmeter_0530,jmeter0530@loadtest.com,test123,18ba9a34-f58c-4aeb-8c2b-9c4c9859ea00
mem_jmeter_0531,jmeter0531@loadtest.com,test123,c1887d3c-c961-4fbb-b1ca-dead64aa5757
mem_jmeter_0532,jmeter0532@loadtest.com,test123,ac2e701a-cc0c-4dd8-a606-21fcc1144bf6
mem_jmeter_0533,jmeter0533@loadtest.com,test123,e2cc00c3-92d5-4c16-9400-f634b767ee1f
mem_jmeter_0534,jmeter0534@loadtest.com,test123,eb7a3cb0-5a7c-485d-8e95-a4532ea18254
mem_jmeter_0535,jmeter0535@loadtest.com,test123,92a0b813-6290-41ba-abb4-27db54ee9472
mem_jmeter_0536,jmeter0536@loadtest.com,test123,a044ec0c-0985-448c-b59e-a6591e32dbe3
mem_jmeter_0537,jmeter0537@loadtest.com,test123,35c0c2e1-0723-4934-a425-87c67393b852
mem_jmeter_0538,jmeter0538@loadtest.com,test123,2359ea9b-b12c-4fcf-950b-d68aa3868f05
mem_jmeter_0539,jmeter0539@loadtest.com,test123,8087ddd8-ee77-4050-b724-64fb87a085f3
mem_jmeter_0540,jmeter0540@loadtest.com,test123,6aac5d61-dc5a-4b88-96b8-69bd1766faba
mem_jmeter_0541,jmeter0541@loadtest.com,test123,4ed0fa18-5678-48bb-98a2-d9432a00658f
mem_jmeter_0542,jmeter0542@loadtest.com,test123,a5bb39a1-e66f-48e3-891c-17ebec838d84
mem_jmeter_0543,jmeter0543@loadtest.com,test123,2505208d-4acc-4a56-98a6-53def9aaf106
mem_jmeter_0544,jmeter0544@loadtest.com,test123,bb285d69-1192-45f1-a758-6711def96117
mem_jmeter_0545,jmeter0545@loadtest.com,test123,88220a77-53f2-43c5-add3-34d6f9a6f194
mem_jmeter_0546,jmeter0546@loadtest.com,test123,af135696-4d99-4cdf-afe4-e50f47af9a63
mem_jmeter_0547,jmeter0547@loadtest.com,test123,b2410fb2-800f-4d87-bfbe-98f5cb869db4
mem_jmeter_0548,jmeter0548@loadtest.com,test123,f4eb3a89-64eb-43fb-8469-6e0b2b502fe6
mem_jmeter_0549,jmeter0549@loadtest.com,test123,0730dba8-439b-4d51-8567-9a2c2fc9a548
mem_jmeter_0550,jmeter0550@loadtest.com,test123,c0a461da-3695-487e-a70e-5bf813aa25ba
mem_jmeter_0551,jmeter0551@loadtest.com,test123,e36451ef-86b1-4f23-bb67-d7d6baddd293
mem_jmeter_0552,jmeter0552@loadtest.com,test123,632d6d47-4a0d-43be-bd86-876614b08452
mem_jmeter_0553,jmeter0553@loadtest.com,test123,6d98775b-c2b5-4819-bcd1-4364a90b8427
mem_jmeter_0554,jmeter0554@loadtest.com,test123,39bb66a6-fa2c-4e02-8ee3-0235798912cd
mem_jmeter_0555,jmeter0555@loadtest.com,test123,6aadc2ab-7c10-4c77-ae2e-07487ec7264e
mem_jmeter_0556,jmeter0556@loadtest.com,test123,e770cb28-4f10-40bd-af72-256c752fb69d
mem_jmeter_0557,jmeter0557@loadtest.com,test123,3a350cea-eb4e-4e21-b496-e629029e78f1
mem_jmeter_0558,jmeter0558@loadtest.com,test123,dbc34ac1-99d2-48e1-a436-371478fff557
mem_jmeter_0559,jmeter0559@loadtest.com,test123,63d8635e-7caa-4c62-87ba-6135d6d9bbf5
mem_jmeter_0560,jmeter0560@loadtest.com,test123,0723e03a-213a-4b79-ab0c-bbcbd35cdd1a
mem_jmeter_0561,jmeter0561@loadtest.com,test123,f813c981-caca-477b-8740-7eea2f8b2582
mem_jmeter_0562,jmeter0562@loadtest.com,test123,6596a72f-9741-4a3a-aaf5-0ef20245f2e6
mem_jmeter_0563,jmeter0563@loadtest.com,test123,92824a08-d6fd-422b-a8a2-2aeb5dbf36be
mem_jmeter_0564,jmeter0564@loadtest.com,test123,ec967f86-6927-4a47-9de9-b8a1f8589500
mem_jmeter_0565,jmeter0565@loadtest.com,test123,da480263-843a-4193-8bab-5b755b007276
mem_jmeter_0566,jmeter0566@loadtest.com,test123,9a510d65-8e8c-48e2-a585-860e6931c31e
mem_jmeter_0567,jmeter0567@loadtest.com,test123,15e84f7e-8a98-4d2f-afb3-d6ee0cdc16ac
mem_jmeter_0568,jmeter0568@loadtest.com,test123,fcf0f289-0e34-4137-a342-231a0e44204f
mem_jmeter_0569,jmeter0569@loadtest.com,test123,1ce31aeb-3637-4f98-95d6-88f0888314c4
mem_jmeter_0570,jmeter0570@loadtest.com,test123,ceaeb960-b3c6-4f0b-a159-943ae7079ff6
mem_jmeter_0571,jmeter0571@loadtest.com,test123,09c02faf-0190-47b6-bc32-a63b26345834
mem_jmeter_0572,jmeter0572@loadtest.com,test123,cc1f3ad9-cdec-402c-8ed2-4d48007b4df3
mem_jmeter_0573,jmeter0573@loadtest.com,test123,f43d157c-aa1c-412e-8968-b78277d2580e
mem_jmeter_0574,jmeter0574@loadtest.com,test123,c19f43ee-0130-4254-be5a-70196ad48f33
mem_jmeter_0575,jmeter0575@loadtest.com,test123,677fb08c-d704-43a1-a9b1-d00f7557b8c7
mem_jmeter_0576,jmeter0576@loadtest.com,test123,d38768e8-3829-4edb-a275-f11f2cf4f642
mem_jmeter_0577,jmeter0577@loadtest.com,test123,e8eeb241-c540-4619-a73e-96e4e22ff286
mem_jmeter_0578,jmeter0578@loadtest.com,test123,5228c815-2bae-481c-861e-54a652d7b109
mem_jmeter_0579,jmeter0579@loadtest.com,test123,559c9017-2614-4cc1-80b6-5b6f149fdab6
mem_jmeter_0580,jmeter0580@loadtest.com,test123,9ebb1266-1627-4fb3-962e-9da234220c05
mem_jmeter_0581,jmeter0581@loadtest.com,test123,fe922bbe-78f1-4476-98a0-6db1301ac01f
mem_jmeter_0582,jmeter0582@loadtest.com,test123,d2f7993b-2ac8-486a-86cd-ae4471c9ab5f
mem_jmeter_0583,jmeter0583@loadtest.com,test123,9c5e0100-d342-44f3-852c-7af230d6debd
mem_jmeter_0584,jmeter0584@loadtest.com,test123,6a442897-74e8-417c-8532-003e81848354
mem_jmeter_0585,jmeter0585@loadtest.com,test123,81efa12d-792c-4056-8245-40d508773ffd
mem_jmeter_0586,jmeter0586@loadtest.com,test123,be76d741-0266-4364-977f-116594025cf3
mem_jmeter_0587,jmeter0587@loadtest.com,test123,1a82d8b3-31e3-4c57-9278-03c00490b0ba
mem_jmeter_0588,jmeter0588@loadtest.com,test123,d6fd500b-08d9-453e-8ded-1db2459ea7b1
mem_jmeter_0589,jmeter0589@loadtest.com,test123,7c965f83-f075-43ed-9355-c3e4583bca0a
mem_jmeter_0590,jmeter0590@loadtest.com,test123,6ebb9186-3c5d-428d-a344-1ca6668dbce4
mem_jmeter_0591,jmeter0591@loadtest.com,test123,a920ba5f-46ef-4848-89ca-442080e6528f
mem_jmeter_0592,jmeter0592@loadtest.com,test123,61b8fec9-7fd7-4088-aec5-a58f326973e9
mem_jmeter_0593,jmeter0593@loadtest.com,test123,d2d1da3b-188f-4c02-8e0e-17301450d8bb
mem_jmeter_0594,jmeter0594@loadtest.com,test123,593e8ef9-35f6-48b0-a362-79df999030d7
mem_jmeter_0595,jmeter0595@loadtest.com,test123,9dadf116-01a7-4a9c-932e-35a01db54924
mem_jmeter_0596,jmeter0596@loadtest.com,test123,8d5c6475-c39d-4ee8-9302-50620ada944a
mem_jmeter_0597,jmeter0597@loadtest.com,test123,e44ab613-a037-4741-9b55-f21f44820c6c
mem_jmeter_0598,jmeter0598@loadtest.com,test123,4685178e-5032-42bc-afbf-7206f466cf10
mem_jmeter_0599,jmeter0599@loadtest.com,test123,d8c544b8-f827-4160-aa92-c39bed89ce13
mem_jmeter_0600,jmeter0600@loadtest.com,test123,96287bee-c1e2-42ed-8f60-2d5c13dc3ffc
mem_jmeter_0601,jmeter0601@loadtest.com,test123,7b4e8269-d595-414d-8d53-229b39344c76
mem_jmeter_0602,jmeter0602@loadtest.com,test123,1f243bca-a355-4129-8412-6a438dbd8a14
mem_jmeter_0603,jmeter0603@loadtest.com,test123,45bebca7-10d2-4bc3-b3fe-2a7ec14c7596
mem_jmeter_0604,jmeter0604@loadtest.com,test123,23880320-3cee-40e6-bac6-b382d32f7624
mem_jmeter_0605,jmeter0605@loadtest.com,test123,bfaa304e-6734-4083-a889-b777b115e23b
mem_jmeter_0606,jmeter0606@loadtest.com,test123,c8af9f4f-ef12-4f51-a27f-2ca799905fb4
mem_jmeter_0607,jmeter0607@loadtest.com,test123,bfa4f631-b7bf-43ff-8aa9-fa311faef359
mem_jmeter_0608,jmeter0608@loadtest.com,test123,1b20b0c5-2319-4d8a-9d17-ecb368c05c1d
mem_jmeter_0609,jmeter0609@loadtest.com,test123,2aeb6513-a8c5-44ea-991e-73df895335f6
mem_jmeter_0610,jmeter0610@loadtest.com,test123,9d8cf3e8-9ee8-414d-91c7-c8a90c0400c3
mem_jmeter_0611,jmeter0611@loadtest.com,test123,f2a56777-7942-4a4b-9fee-69ce3aecf15c
mem_jmeter_0612,jmeter0612@loadtest.com,test123,6808a3ca-ea5f-49c6-aae0-a7ac0aff4442
mem_jmeter_0613,jmeter0613@loadtest.com,test123,c246f0f7-0b15-41fd-8fa6-dbd18d79653d
mem_jmeter_0614,jmeter0614@loadtest.com,test123,424e5e3a-ebcb-4ef4-8acd-421913b46517
mem_jmeter_0615,jmeter0615@loadtest.com,test123,796600fa-fb82-405f-8fcb-caf75c42d2f9
mem_jmeter_0616,jmeter0616@loadtest.com,test123,a8f177ef-e3d9-45a2-bfdb-1f912cab6c86
mem_jmeter_0617,jmeter0617@loadtest.com,test123,4d129132-6663-45e3-95b4-7c6c2a425d37
mem_jmeter_0618,jmeter0618@loadtest.com,test123,511c2bc6-88cf-46b4-a4ef-9ee996856bcd
mem_jmeter_0619,jmeter0619@loadtest.com,test123,83cc8818-e612-4366-b5f4-a9ca29cdad4b
mem_jmeter_0620,jmeter0620@loadtest.com,test123,a494673e-cf29-486b-9da5-0337c4c499a5
mem_jmeter_0621,jmeter0621@loadtest.com,test123,0cb6a6da-d19c-4c8f-ad96-e86dcdcea690
mem_jmeter_0622,jmeter0622@loadtest.com,test123,6def9fce-f5df-4960-8691-fba326403ed9
mem_jmeter_0623,jmeter0623@loadtest.com,test123,2b12ee06-5c70-4fe5-ae8b-0d43a2d92b62
mem_jmeter_0624,jmeter0624@loadtest.com,test123,1f302221-a014-43a8-b612-3767fa15fc2d
mem_jmeter_0625,jmeter0625@loadtest.com,test123,3937005b-de2b-4649-9ee2-8762a40cbb12
mem_jmeter_0626,jmeter0626@loadtest.com,test123,9bfe6ac6-b0d0-422f-88aa-f018e816549a
mem_jmeter_0627,jmeter0627@loadtest.com,test123,a20178e0-f534-4aac-84e9-210dfb631401
mem_jmeter_0628,jmeter0628@loadtest.com,test123,29748dd9-1f3b-4e43-84fb-d539fc24c3ca
mem_jmeter_0629,jmeter0629@loadtest.com,test123,fe393570-4180-4c08-9d8a-11d15462bf13
mem_jmeter_0630,jmeter0630@loadtest.com,test123,404b32aa-e30c-4f85-8f39-dca6d5b2ce2e
mem_jmeter_0631,jmeter0631@loadtest.com,test123,09ff7bed-e7d5-4edb-a348-d37faea51f36
mem_jmeter_0632,jmeter0632@loadtest.com,test123,ed1696c5-1509-41bb-b867-a579fa2e6508
mem_jmeter_0633,jmeter0633@loadtest.com,test123,af4c28c8-8edd-4441-b05a-ff2f13ce5ab0
mem_jmeter_0634,jmeter0634@loadtest.com,test123,7ee45a04-dedb-46b1-94f3-e30908fe9027
mem_jmeter_0635,jmeter0635@loadtest.com,test123,ae38f46f-329a-4fbb-8a9a-61589dd353e6
mem_jmeter_0636,jmeter0636@loadtest.com,test123,772904c4-29f7-44c7-a2eb-459f210be515
mem_jmeter_0637,jmeter0637@loadtest.com,test123,6185044c-9865-45e0-b249-c7eb47c191ce
mem_jmeter_0638,jmeter0638@loadtest.com,test123,aa4899d1-015a-4f36-8135-628158b5165f
mem_jmeter_0639,jmeter0639@loadtest.com,test123,9eec79a3-13d6-41a6-996c-23820a27c314
mem_jmeter_0640,jmeter0640@loadtest.com,test123,360f57c4-26d0-489d-838a-bdd16e9a033b
mem_jmeter_0641,jmeter0641@loadtest.com,test123,0270e2a0-1b4c-41df-a6dd-ed62a6dfadf2
mem_jmeter_0642,jmeter0642@loadtest.com,test123,6ec99304-cff2-45d9-9c13-a35a054a6415
mem_jmeter_0643,jmeter0643@loadtest.com,test123,deeb65a2-a621-4c88-8498-a7d5b998da4f
mem_jmeter_0644,jmeter0644@loadtest.com,test123,100fab8b-c2e4-453b-b6a1-f8783d7e6a71
mem_jmeter_0645,jmeter0645@loadtest.com,test123,d67d3987-c52a-4d88-a57d-4f49966e0231
mem_jmeter_0646,jmeter0646@loadtest.com,test123,9e19a0c6-53b9-4d98-bbfd-ca1c8b500cee
mem_jmeter_0647,jmeter0647@loadtest.com,test123,64ad6268-1ac6-4eeb-a1d0-b5713da17a57
mem_jmeter_0648,jmeter0648@loadtest.com,test123,98fe5c20-b805-41cb-bf48-9bc640b9ae00
mem_jmeter_0649,jmeter0649@loadtest.com,test123,6c92b5e6-e04a-4c6e-adaa-1de740eaa648
mem_jmeter_0650,jmeter0650@loadtest.com,test123,0434ca77-a284-4294-88c3-2fcd88eccc23
mem_jmeter_0651,jmeter0651@loadtest.com,test123,99852c05-6fb8-408a-a8ec-a6f5c6a36da9
mem_jmeter_0652,jmeter0652@loadtest.com,test123,4d855ed4-abbb-450c-9c82-7e2551a2adab
mem_jmeter_0653,jmeter0653@loadtest.com,test123,e4903247-8a03-412f-9701-5fb60bca39fd
mem_jmeter_0654,jmeter0654@loadtest.com,test123,cce30527-a434-4ff5-8cf3-a31a5267ebd7
mem_jmeter_0655,jmeter0655@loadtest.com,test123,ea409ccc-2dfc-41a0-9f22-7ff0c68ef0d0
mem_jmeter_0656,jmeter0656@loadtest.com,test123,3656ff11-d093-484b-a218-832c1b9e07ce
mem_jmeter_0657,jmeter0657@loadtest.com,test123,cc00ef03-e466-4316-a067-65e57bb08ab1
mem_jmeter_0658,jmeter0658@loadtest.com,test123,b9470eda-3ad7-451b-b2eb-72c35e36ee74
mem_jmeter_0659,jmeter0659@loadtest.com,test123,9b46dbec-bd67-474c-aab6-3bc8c0c99cf9
mem_jmeter_0660,jmeter0660@loadtest.com,test123,b7bda886-2fdb-42e5-a1d5-2293b322a98e
mem_jmeter_0661,jmeter0661@loadtest.com,test123,d7890442-d5cf-419b-ba22-da59e21c4cd7
mem_jmeter_0662,jmeter0662@loadtest.com,test123,e314bba6-313e-4ba3-b2e6-1b9c7cd08a27
mem_jmeter_0663,jmeter0663@loadtest.com,test123,21b30524-d14d-4b37-8b4f-39ca3f4c265f
mem_jmeter_0664,jmeter0664@loadtest.com,test123,9a361420-63fc-4b86-893e-01040e89627e
mem_jmeter_0665,jmeter0665@loadtest.com,test123,b86965cb-5aa3-4b32-b8d1-e314e2413a00
mem_jmeter_0666,jmeter0666@loadtest.com,test123,daa7f17d-29fa-46b0-bb63-d971000d6457
mem_jmeter_0667,jmeter0667@loadtest.com,test123,29d86590-f497-4998-90a9-ea5e840152d6
mem_jmeter_0668,jmeter0668@loadtest.com,test123,b414d1ba-737d-4729-b57a-ef4e373457ed
mem_jmeter_0669,jmeter0669@loadtest.com,test123,635add82-82a0-4db3-bdda-f98c1d5ae7d4
mem_jmeter_0670,jmeter0670@loadtest.com,test123,14729ab5-f60a-42cb-9b35-02594ea392e8
mem_jmeter_0671,jmeter0671@loadtest.com,test123,f1cfd6c8-7375-4c58-9961-8afda01bb2dd
mem_jmeter_0672,jmeter0672@loadtest.com,test123,0247db8c-df16-44b6-95db-bc95a39f147f
mem_jmeter_0673,jmeter0673@loadtest.com,test123,033f5dc8-b173-4b89-8fc1-4250731fbdaa
mem_jmeter_0674,jmeter0674@loadtest.com,test123,059be613-91ae-40e0-b6ba-fb897b9f6c33
mem_jmeter_0675,jmeter0675@loadtest.com,test123,fea81049-96a7-4f48-80e5-22e8a4acc272
mem_jmeter_0676,jmeter0676@loadtest.com,test123,0df68054-0d23-4023-bf6f-bceeb0e58d0a
mem_jmeter_0677,jmeter0677@loadtest.com,test123,a0b827b1-b735-4fa3-b565-7147042e827c
mem_jmeter_0678,jmeter0678@loadtest.com,test123,cd2ff633-8dbb-44d7-840e-ff0b5918f8e3
mem_jmeter_0679,jmeter0679@loadtest.com,test123,f83b94ef-eada-4e8a-b283-b269756417ed
mem_jmeter_0680,jmeter0680@loadtest.com,test123,5c23b1b9-0d2c-42f7-ac45-a4f486061cfe
mem_jmeter_0681,jmeter0681@loadtest.com,test123,fe1b9a45-b1af-4484-b127-cf04a196884b
mem_jmeter_0682,jmeter0682@loadtest.com,test123,61d6dd1a-ac81-4efb-b4e5-053926170e3f
mem_jmeter_0683,jmeter0683@loadtest.com,test123,2fa4377b-e6a0-408e-97bc-d4057755c126
mem_jmeter_0684,jmeter0684@loadtest.com,test123,8c1c3f78-edfa-46cf-9dd4-2385f3558193
mem_jmeter_0685,jmeter0685@loadtest.com,test123,9ca4ba95-ec47-41a7-9df2-189b85ef5eb2
mem_jmeter_0686,jmeter0686@loadtest.com,test123,06d08de6-d8e0-452c-bd08-62f595f83863
mem_jmeter_0687,jmeter0687@loadtest.com,test123,66e5b364-3971-404f-b738-192d6fec853b
mem_jmeter_0688,jmeter0688@loadtest.com,test123,eefecef0-9a31-4c04-b446-fc6aaa39372f
mem_jmeter_0689,jmeter0689@loadtest.com,test123,0f76bab6-4eb1-4475-a7f5-75b509845830
mem_jmeter_0690,jmeter0690@loadtest.com,test123,5a6858a8-fdaa-4425-93c8-4f48fde17e52
mem_jmeter_0691,jmeter0691@loadtest.com,test123,8e3531df-cc3f-4709-85ea-150294361c0a
mem_jmeter_0692,jmeter0692@loadtest.com,test123,1b6ea9b6-c018-4d0b-89a6-491d11a50afb
mem_jmeter_0693,jmeter0693@loadtest.com,test123,d7626cc0-0137-4471-a8a7-67cf8ca06942
mem_jmeter_0694,jmeter0694@loadtest.com,test123,71072e9d-433a-4b2f-aac2-7263bde4fc8a
mem_jmeter_0695,jmeter0695@loadtest.com,test123,9f7b2e1a-786c-4626-8a7f-ba60c011513e
mem_jmeter_0696,jmeter0696@loadtest.com,test123,483c32f0-8117-4a9b-8dba-884ac9c058f2
mem_jmeter_0697,jmeter0697@loadtest.com,test123,90ac9927-e2cb-4a2f-954e-6dfe81b8a266
mem_jmeter_0698,jmeter0698@loadtest.com,test123,7b4d6c80-2952-4ffd-9f0b-fb7a6cb09436
mem_jmeter_0699,jmeter0699@loadtest.com,test123,635fb4bd-d35b-4390-b033-56a478029ea9
mem_jmeter_0700,jmeter0700@loadtest.com,test123,4af3ccac-020f-4271-a4d8-7d27f00c2ff6
mem_jmeter_0701,jmeter0701@loadtest.com,test123,a2f48c61-ce6f-43c7-a9cc-c14898e99ec9
mem_jmeter_0702,jmeter0702@loadtest.com,test123,64ea4b1a-a2b8-4cbd-9eb4-3eb56397bebe
mem_jmeter_0703,jmeter0703@loadtest.com,test123,b6ddc3ae-35d1-438a-8480-80a0ce777c62
mem_jmeter_0704,jmeter0704@loadtest.com,test123,8fadb161-ccfa-463c-b02a-ad377b771364
mem_jmeter_0705,jmeter0705@loadtest.com,test123,5dbace6c-cbaa-4249-add8-56631d424d3c
mem_jmeter_0706,jmeter0706@loadtest.com,test123,c8f3a578-ed95-48fe-b754-ae2d25bb96b9
mem_jmeter_0707,jmeter0707@loadtest.com,test123,322e14d9-952e-4239-9810-fb7454a886fd
mem_jmeter_0708,jmeter0708@loadtest.com,test123,a6b2277f-5427-45c7-86e6-ce2e9cbe5662
mem_jmeter_0709,jmeter0709@loadtest.com,test123,53ebf59a-f8d3-49d8-9257-d527fc2dd258
mem_jmeter_0710,jmeter0710@loadtest.com,test123,7a4606c4-87d9-4b33-ba42-4b94c4481cf8
mem_jmeter_0711,jmeter0711@loadtest.com,test123,a5cfbea5-d9d6-4962-bd22-fdf76a81ed95
mem_jmeter_0712,jmeter0712@loadtest.com,test123,ce121286-0435-4ca5-b7e4-ae9606ff08ac
mem_jmeter_0713,jmeter0713@loadtest.com,test123,c5a7cc78-bba2-4347-af8a-635919c8941e
mem_jmeter_0714,jmeter0714@loadtest.com,test123,79e52e6f-cf97-4a40-a1eb-f3ff7fa08499
mem_jmeter_0715,jmeter0715@loadtest.com,test123,cd46c976-05be-4364-90f0-b530e31874e7
mem_jmeter_0716,jmeter0716@loadtest.com,test123,74030b5c-41af-4b61-b8f6-195c9b198b7c
mem_jmeter_0717,jmeter0717@loadtest.com,test123,f4bc240a-24c7-4b1d-8dd3-3892c17f1616
mem_jmeter_0718,jmeter0718@loadtest.com,test123,91650e2f-ddbd-4424-8edb-870305d4f583
mem_jmeter_0719,jmeter0719@loadtest.com,test123,f54e3ca9-a3a6-4132-babe-1b85a96fe40c
mem_jmeter_0720,jmeter0720@loadtest.com,test123,b0ffb449-4b2d-4921-8966-5c11f885af28
mem_jmeter_0721,jmeter0721@loadtest.com,test123,b35d7163-1f06-4b1d-a338-3a8cc62fad6d
mem_jmeter_0722,jmeter0722@loadtest.com,test123,d316a02f-a3e9-4531-beb3-e70d19dcd919
mem_jmeter_0723,jmeter0723@loadtest.com,test123,04371a8a-2149-4bd1-b68f-a23b35d88df1
mem_jmeter_0724,jmeter0724@loadtest.com,test123,bcb160b5-04d9-4d5b-b3e0-a155d3ec7e1e
mem_jmeter_0725,jmeter0725@loadtest.com,test123,f66bd6b9-a10d-4157-ac45-df94ecfcd8aa
mem_jmeter_0726,jmeter0726@loadtest.com,test123,858abf20-5a23-43dc-a3fe-085de6754b73
mem_jmeter_0727,jmeter0727@loadtest.com,test123,f2738abe-8d70-451f-ab86-838cb8b1f362
mem_jmeter_0728,jmeter0728@loadtest.com,test123,66f3fda5-3fb4-4cee-bace-91359ef0aa7b
mem_jmeter_0729,jmeter0729@loadtest.com,test123,6c42db84-1823-4b7b-8a1f-f962a3c4e0c1
mem_jmeter_0730,jmeter0730@loadtest.com,test123,f8cf1501-8d88-4578-8ab8-7597d6207dd5
mem_jmeter_0731,jmeter0731@loadtest.com,test123,c135e507-c6f5-4b10-b291-e9a9de814a60
mem_jmeter_0732,jmeter0732@loadtest.com,test123,b840d6d0-7a28-413a-b25a-f015d829066c
mem_jmeter_0733,jmeter0733@loadtest.com,test123,90f7714b-1044-45ae-9a0f-cb572a802edc
mem_jmeter_0734,jmeter0734@loadtest.com,test123,b7e4e95e-df63-478d-a27a-630c661601cf
mem_jmeter_0735,jmeter0735@loadtest.com,test123,6f91920a-db25-467e-b3a4-6918a82184fb
mem_jmeter_0736,jmeter0736@loadtest.com,test123,066fbed0-be2d-4d1d-967c-5391436110eb
mem_jmeter_0737,jmeter0737@loadtest.com,test123,5f3db82e-de52-48c5-9156-84be60448451
mem_jmeter_0738,jmeter0738@loadtest.com,test123,ada88f3b-5419-4afc-84e8-dce25c7dd4f6
mem_jmeter_0739,jmeter0739@loadtest.com,test123,295099c1-6473-4afc-b1b9-2e8d031fd8c6
mem_jmeter_0740,jmeter0740@loadtest.com,test123,bc29cd21-803b-4951-abe9-bbc5399cc80d
mem_jmeter_0741,jmeter0741@loadtest.com,test123,b8863322-34e8-4203-9a7e-1ff517b83e12
mem_jmeter_0742,jmeter0742@loadtest.com,test123,8d1b4d6a-fde3-4252-8cdb-c0fe64780a03
mem_jmeter_0743,jmeter0743@loadtest.com,test123,d75a4455-7c41-47e7-b802-cd40128c2ef9
mem_jmeter_0744,jmeter0744@loadtest.com,test123,48b9e444-eb9a-4285-8f34-c9ff5d2034ef
mem_jmeter_0745,jmeter0745@loadtest.com,test123,99c70972-94dc-49ca-aa39-8d1cf8913ac2
mem_jmeter_0746,jmeter0746@loadtest.com,test123,5cbfd66c-d82e-487b-bd4e-09b940c1173c
mem_jmeter_0747,jmeter0747@loadtest.com,test123,d11d9baa-7f86-4bce-ac3b-ed931b2fd57c
mem_jmeter_0748,jmeter0748@loadtest.com,test123,17f93d50-3b23-43f8-9968-a35e3b50c5cc
mem_jmeter_0749,jmeter0749@loadtest.com,test123,4a9c4a3b-6f9e-4be7-8431-b97e9fce6124
mem_jmeter_0750,jmeter0750@loadtest.com,test123,5aab78af-e084-4c5c-85f5-fda084d340bb
mem_jmeter_0751,jmeter0751@loadtest.com,test123,8b8d316f-a9dc-4b59-b34f-6ae6fa7acb4f
mem_jmeter_0752,jmeter0752@loadtest.com,test123,f82b5823-91bf-4866-bc5f-ee309f37cfd7
mem_jmeter_0753,jmeter0753@loadtest.com,test123,623fd7dc-8f3d-4f1e-9b92-c8deaf740f05
mem_jmeter_0754,jmeter0754@loadtest.com,test123,2f08a6b1-9fcf-4185-9123-8a61eee9ed6c
mem_jmeter_0755,jmeter0755@loadtest.com,test123,b99e4ea5-6498-4e18-a3ff-d9caeae9dff1
mem_jmeter_0756,jmeter0756@loadtest.com,test123,258135cf-8705-4c79-b490-d7a45c28789e
mem_jmeter_0757,jmeter0757@loadtest.com,test123,5260307e-962a-4063-ae30-160208ebaf54
mem_jmeter_0758,jmeter0758@loadtest.com,test123,e9e9729a-f073-42c9-80d9-ffff20bf77b7
mem_jmeter_0759,jmeter0759@loadtest.com,test123,2d9334f6-6239-47eb-aca7-18e31a21f013
mem_jmeter_0760,jmeter0760@loadtest.com,test123,6aa27194-f82b-4acc-bdfe-bd4506c57e7a
mem_jmeter_0761,jmeter0761@loadtest.com,test123,987d5d56-d725-4e24-b81f-0e32f113fa9b
mem_jmeter_0762,jmeter0762@loadtest.com,test123,dae63e90-45ba-4aea-8c78-38fc6be99ada
mem_jmeter_0763,jmeter0763@loadtest.com,test123,1e128ac7-711b-4ecd-a9ab-6b427f86ebb6
mem_jmeter_0764,jmeter0764@loadtest.com,test123,7a391955-82a7-482b-9cd0-92c02cf1a11e
mem_jmeter_0765,jmeter0765@loadtest.com,test123,a3f91e97-43ad-44d0-b8c2-774aee56e1e4
mem_jmeter_0766,jmeter0766@loadtest.com,test123,4263b157-2d2f-45d5-91b8-00e3993b7cb3
mem_jmeter_0767,jmeter0767@loadtest.com,test123,8e14a750-f1a4-484b-98c3-d2a9336718a8
mem_jmeter_0768,jmeter0768@loadtest.com,test123,c7d16c7e-9c58-40ba-a0d0-dbeb690bf759
mem_jmeter_0769,jmeter0769@loadtest.com,test123,5476ee2d-7303-4a51-a47c-73406a3f6e3f
mem_jmeter_0770,jmeter0770@loadtest.com,test123,78f911ab-d56a-436a-bdfb-a3575e0fd3b7
mem_jmeter_0771,jmeter0771@loadtest.com,test123,faedfdc0-df3b-4037-9455-c3fde084b74e
mem_jmeter_0772,jmeter0772@loadtest.com,test123,962dffc8-5905-4320-b5fd-dd37de1bc442
mem_jmeter_0773,jmeter0773@loadtest.com,test123,0c10f2b1-3f4b-480d-9c38-d28c8529d959
mem_jmeter_0774,jmeter0774@loadtest.com,test123,9e3a520e-5065-4bfb-ac6e-0e1a08bb7330
mem_jmeter_0775,jmeter0775@loadtest.com,test123,03c69468-a0c4-4a3e-ab65-2e5e6e028eb9
mem_jmeter_0776,jmeter0776@loadtest.com,test123,4f493155-76f4-4a6f-9ee4-735c4d55e490
mem_jmeter_0777,jmeter0777@loadtest.com,test123,0692dcd5-2449-4391-9f5c-0d67cff70920
mem_jmeter_0778,jmeter0778@loadtest.com,test123,efe9bcb0-674e-4e40-84bd-49f0538add10
mem_jmeter_0779,jmeter0779@loadtest.com,test123,1b746ec9-fbea-4fa9-9a69-1f81aa63c06a
mem_jmeter_0780,jmeter0780@loadtest.com,test123,98b223fe-440f-45d6-bd84-4d5247b1ddf5
mem_jmeter_0781,jmeter0781@loadtest.com,test123,8b3b67a7-def4-44ec-abbd-cf9a8061c1d2
mem_jmeter_0782,jmeter0782@loadtest.com,test123,aaeb1cd6-85f3-480c-9b6a-ca91dd29d667
mem_jmeter_0783,jmeter0783@loadtest.com,test123,8f7bc3b0-ecd9-4f20-80e7-6b6637ec7a1a
mem_jmeter_0784,jmeter0784@loadtest.com,test123,c981c6d9-7637-4428-8197-62045644efcb
mem_jmeter_0785,jmeter0785@loadtest.com,test123,c6543c4f-6cf6-45a4-b09d-dfa0bf5425ea
mem_jmeter_0786,jmeter0786@loadtest.com,test123,3625cc29-ffa1-4b5c-b52a-1e685e938a6f
mem_jmeter_0787,jmeter0787@loadtest.com,test123,50622528-ac77-4a48-b125-595b3cb49400
mem_jmeter_0788,jmeter0788@loadtest.com,test123,8a880015-b34b-4817-bebb-22fa6bc37d8a
mem_jmeter_0789,jmeter0789@loadtest.com,test123,904ccfdb-ed35-49b0-8d64-b190ac9adeae
mem_jmeter_0790,jmeter0790@loadtest.com,test123,d19f6035-5828-419a-8612-03a9d2c96b80
mem_jmeter_0791,jmeter0791@loadtest.com,test123,5e35c237-cd63-4c93-b848-7423295efdfd
mem_jmeter_0792,jmeter0792@loadtest.com,test123,c0f16fd0-30af-4737-9524-862b94045520
mem_jmeter_0793,jmeter0793@loadtest.com,test123,e9a309b0-1a3a-4b25-b76f-714c5315db8e
mem_jmeter_0794,jmeter0794@loadtest.com,test123,7f48f389-d6d2-480f-86e5-1147d015f837
mem_jmeter_0795,jmeter0795@loadtest.com,test123,53bcb625-6091-4e94-9e6b-ca81dd188368
mem_jmeter_0796,jmeter0796@loadtest.com,test123,7b9f0c09-5bbf-4b8f-92de-2e23991469f8
mem_jmeter_0797,jmeter0797@loadtest.com,test123,3d62e6aa-916b-40e1-9346-8a9be7b0db80
mem_jmeter_0798,jmeter0798@loadtest.com,test123,9c5fcdd3-5db4-487f-bc91-809c8e9db595
mem_jmeter_0799,jmeter0799@loadtest.com,test123,b58616b1-ecba-40f5-84f6-a388952dbb72
mem_jmeter_0800,jmeter0800@loadtest.com,test123,5c68b79f-a11a-46be-9756-35fd6ee56d4b
mem_jmeter_0801,jmeter0801@loadtest.com,test123,9ba25213-7863-41c2-b25b-84cf9150b6d0
mem_jmeter_0802,jmeter0802@loadtest.com,test123,9dadf9f5-d362-41a6-ba1d-6aab408e7136
mem_jmeter_0803,jmeter0803@loadtest.com,test123,ae8b58ad-1b9c-49b5-9019-9be039680cad
mem_jmeter_0804,jmeter0804@loadtest.com,test123,a9c0ccdf-dc0d-4eac-ba2b-8246012b7e87
mem_jmeter_0805,jmeter0805@loadtest.com,test123,22afbbfd-77fc-4051-8932-588cbb12bbf6
mem_jmeter_0806,jmeter0806@loadtest.com,test123,dd507892-275a-46ff-9adc-0fee3bd0d0a3
mem_jmeter_0807,jmeter0807@loadtest.com,test123,7343e555-0989-41fa-803f-3b14a3e3e409
mem_jmeter_0808,jmeter0808@loadtest.com,test123,5aabfe90-e852-4954-87a3-c17d5b2ddfa3
mem_jmeter_0809,jmeter0809@loadtest.com,test123,543dd077-b4f8-456f-9a7d-ca26b43d3ddc
mem_jmeter_0810,jmeter0810@loadtest.com,test123,76b77be0-1bdd-4d3b-96b5-ce9dabf41a90
mem_jmeter_0811,jmeter0811@loadtest.com,test123,d2202c69-36eb-4a70-b1b7-ba575e8b00b7
mem_jmeter_0812,jmeter0812@loadtest.com,test123,d81264d3-5fa0-4b6b-964c-58ce191b7cc3
mem_jmeter_0813,jmeter0813@loadtest.com,test123,e0837b87-61cb-4b32-a761-31d4e547472e
mem_jmeter_0814,jmeter0814@loadtest.com,test123,45afff77-1138-438c-9cf3-bfb7acab213d
mem_jmeter_0815,jmeter0815@loadtest.com,test123,e2f07089-afba-4f2e-a5bb-bd24f7eec2b1
mem_jmeter_0816,jmeter0816@loadtest.com,test123,becfa6d1-5eb3-4232-a3b2-6acba5988afb
mem_jmeter_0817,jmeter0817@loadtest.com,test123,693c089c-8b1c-49cb-8a1f-9d3c43dc51fb
mem_jmeter_0818,jmeter0818@loadtest.com,test123,b67e740c-c56c-43c7-877a-855fc03c0cc3
mem_jmeter_0819,jmeter0819@loadtest.com,test123,db337c70-a363-4fff-90de-69d52e993413
mem_jmeter_0820,jmeter0820@loadtest.com,test123,10905802-55b0-448d-9192-084aef639f80
mem_jmeter_0821,jmeter0821@loadtest.com,test123,af9e1f5b-8908-4833-9454-28743d435690
mem_jmeter_0822,jmeter0822@loadtest.com,test123,55214792-00d0-4745-b0d7-d78d6e502e6b
mem_jmeter_0823,jmeter0823@loadtest.com,test123,14c2e499-df59-4543-b913-574f0d89e701
mem_jmeter_0824,jmeter0824@loadtest.com,test123,9228f613-5d52-43ff-a1ce-fa823e47c289
mem_jmeter_0825,jmeter0825@loadtest.com,test123,a678f04b-553b-4300-b9f6-fdf3368036ee
mem_jmeter_0826,jmeter0826@loadtest.com,test123,47187428-a004-4d8c-87bc-d232e5e5cd4e
mem_jmeter_0827,jmeter0827@loadtest.com,test123,de46c6d1-1c16-40dc-a3d0-c2686e12326a
mem_jmeter_0828,jmeter0828@loadtest.com,test123,07ea6ba6-3a7e-4c20-9fc1-7dfa22faeb55
mem_jmeter_0829,jmeter0829@loadtest.com,test123,f5df645d-efd5-4ebd-863a-70a539e2eedc
mem_jmeter_0830,jmeter0830@loadtest.com,test123,4b42bf06-8ffe-402b-9400-1c42e98116cc
mem_jmeter_0831,jmeter0831@loadtest.com,test123,47c3c68d-519f-4587-953b-d5eb38b31f4f
mem_jmeter_0832,jmeter0832@loadtest.com,test123,e746a2e0-c124-4e1f-8924-784d19438807
mem_jmeter_0833,jmeter0833@loadtest.com,test123,f48f5090-6a6f-4f6f-8b38-0b759c726754
mem_jmeter_0834,jmeter0834@loadtest.com,test123,ad283272-c58b-4a15-b279-f0e26d8725db
mem_jmeter_0835,jmeter0835@loadtest.com,test123,6bfc7688-f9b4-4149-bf5f-a8b60f9015db
mem_jmeter_0836,jmeter0836@loadtest.com,test123,1335eb1b-b532-4a15-9cd0-c5a0b2b0b9a8
mem_jmeter_0837,jmeter0837@loadtest.com,test123,16561ba4-9f6f-40d5-ae09-493f73743dd8
mem_jmeter_0838,jmeter0838@loadtest.com,test123,fa196f60-59da-450b-bdc4-af3a5d3b210f
mem_jmeter_0839,jmeter0839@loadtest.com,test123,82a7e8ba-5924-4d5d-bcb3-cf4a088e9c1c
mem_jmeter_0840,jmeter0840@loadtest.com,test123,deb6a230-0e9c-4c3f-95fc-618340e8623f
mem_jmeter_0841,jmeter0841@loadtest.com,test123,fb1cec4b-4b26-4f00-bf6f-09a9a4892f48
mem_jmeter_0842,jmeter0842@loadtest.com,test123,4a06559c-f70e-435e-b0d3-41bdca8edde1
mem_jmeter_0843,jmeter0843@loadtest.com,test123,1d6fa437-0afc-43e8-907a-46aa0ecb184e
mem_jmeter_0844,jmeter0844@loadtest.com,test123,8ed94e00-fc6a-4ea1-a43f-02aa3cc47028
mem_jmeter_0845,jmeter0845@loadtest.com,test123,ef616eb9-e6a9-4162-b0cc-596d06423022
mem_jmeter_0846,jmeter0846@loadtest.com,test123,91b6bb26-e239-454f-b178-f288767dcca2
mem_jmeter_0847,jmeter0847@loadtest.com,test123,373c1139-9a34-40b9-a20e-f263fa2a11d0
mem_jmeter_0848,jmeter0848@loadtest.com,test123,16b013e8-dd73-4673-a43d-565ec7f3bed9
mem_jmeter_0849,jmeter0849@loadtest.com,test123,0ec93f4e-dff4-4b85-9535-7a1cb10296d2
mem_jmeter_0850,jmeter0850@loadtest.com,test123,2e8c46d2-471a-4c45-8d68-03d5191f9120
mem_jmeter_0851,jmeter0851@loadtest.com,test123,9fb570df-ec50-4c00-a61e-70cd43c080d1
mem_jmeter_0852,jmeter0852@loadtest.com,test123,dd7b7638-fcc4-46c9-bffe-24daf1c30a32
mem_jmeter_0853,jmeter0853@loadtest.com,test123,9f6c5722-b4d9-4549-9d88-ae7f81e7710e
mem_jmeter_0854,jmeter0854@loadtest.com,test123,839e8b9d-4c8c-4079-9dcb-f1df0452055b
mem_jmeter_0855,jmeter0855@loadtest.com,test123,d2163889-934d-44f0-9166-2ed69956a475
mem_jmeter_0856,jmeter0856@loadtest.com,test123,70dbbe15-091e-4fbe-b11c-e0d3dbf59e34
mem_jmeter_0857,jmeter0857@loadtest.com,test123,95b32baf-48b4-4554-b308-44eb3f781ec2
mem_jmeter_0858,jmeter0858@loadtest.com,test123,526ed208-50c7-470c-8f2c-41dda0842b90
mem_jmeter_0859,jmeter0859@loadtest.com,test123,e886b2df-b38a-4f8f-92ba-409399c3d43d
mem_jmeter_0860,jmeter0860@loadtest.com,test123,adc919ce-dde3-4948-8eb2-d833801f758f
mem_jmeter_0861,jmeter0861@loadtest.com,test123,2190f7bc-dafe-4538-b154-d58000a52afb
mem_jmeter_0862,jmeter0862@loadtest.com,test123,9b939d32-1531-44cf-aab7-581cd2b9264c
mem_jmeter_0863,jmeter0863@loadtest.com,test123,995b2beb-27be-4212-80aa-16326f206115
mem_jmeter_0864,jmeter0864@loadtest.com,test123,cc89d1cb-8438-4511-93a8-2a7714b84c8f
mem_jmeter_0865,jmeter0865@loadtest.com,test123,a2a635cb-6747-4fd4-baac-b80fa20584c1
mem_jmeter_0866,jmeter0866@loadtest.com,test123,8e5017e4-82f9-4cd0-a5c8-5709a1c29954
mem_jmeter_0867,jmeter0867@loadtest.com,test123,84102521-3df3-4ad6-a6ca-dbd92fc87280
mem_jmeter_0868,jmeter0868@loadtest.com,test123,1ee4fd1b-03b5-4661-8a31-172e9186b24c
mem_jmeter_0869,jmeter0869@loadtest.com,test123,17585fd6-14c8-4179-b654-821e8f7d1ad0
mem_jmeter_0870,jmeter0870@loadtest.com,test123,1de7f1cc-7b79-4ee7-8b4c-2588be9de4ae
mem_jmeter_0871,jmeter0871@loadtest.com,test123,ff02258a-694d-4626-a36b-363eced7c17b
mem_jmeter_0872,jmeter0872@loadtest.com,test123,29a60afd-5720-402a-9fb7-1fa2570159c2
mem_jmeter_0873,jmeter0873@loadtest.com,test123,fc4c22e8-a3a1-46bd-922f-6f8512621e4c
mem_jmeter_0874,jmeter0874@loadtest.com,test123,f859a88f-ef04-4d07-8ca5-fab06ff920c4
mem_jmeter_0875,jmeter0875@loadtest.com,test123,81a4ee81-7528-4db2-a093-f0db9622a6b2
mem_jmeter_0876,jmeter0876@loadtest.com,test123,34e92d11-dc0b-4be6-afbf-c956a061efc2
mem_jmeter_0877,jmeter0877@loadtest.com,test123,2f04d914-b777-43a6-92c3-3494332876b0
mem_jmeter_0878,jmeter0878@loadtest.com,test123,c7a9484c-0802-46ac-b792-ba1823577e4a
mem_jmeter_0879,jmeter0879@loadtest.com,test123,8ca640a7-1d79-45e2-a225-bc4213915557
mem_jmeter_0880,jmeter0880@loadtest.com,test123,63fb528c-0e67-4929-8b2f-5d9546db67b7
mem_jmeter_0881,jmeter0881@loadtest.com,test123,bbd29d14-7ea9-4435-8eac-673c101592e0
mem_jmeter_0882,jmeter0882@loadtest.com,test123,05066371-5461-4f04-a41c-039065d79072
mem_jmeter_0883,jmeter0883@loadtest.com,test123,a9df4257-3c8c-4251-a69d-6eead32fbf62
mem_jmeter_0884,jmeter0884@loadtest.com,test123,a35c5aba-14f5-4293-bba9-0e8c5d98d46b
mem_jmeter_0885,jmeter0885@loadtest.com,test123,ad83a1d1-5e9f-4ec6-a323-91ec4f8291f0
mem_jmeter_0886,jmeter0886@loadtest.com,test123,f8858c71-e1f4-46da-b704-6af783c51c2e
mem_jmeter_0887,jmeter0887@loadtest.com,test123,635a945d-d7c6-4d04-b1bf-00e8182c9b41
mem_jmeter_0888,jmeter0888@loadtest.com,test123,7f11fc1a-f6c7-443f-9b9d-f1bdffa0648d
mem_jmeter_0889,jmeter0889@loadtest.com,test123,c1112584-5d41-4206-9ccd-d7208e4d5dd6
mem_jmeter_0890,jmeter0890@loadtest.com,test123,baf11ba9-4357-48da-9e64-6ec130c710bc
mem_jmeter_0891,jmeter0891@loadtest.com,test123,ff64e76f-33c5-4ab6-a9aa-cbe95ae3c6c6
mem_jmeter_0892,jmeter0892@loadtest.com,test123,ad84dc4e-a1e9-489a-84cb-4b761411e9ec
mem_jmeter_0893,jmeter0893@loadtest.com,test123,e7458e76-b336-4013-9864-ff39f88bdbc5
mem_jmeter_0894,jmeter0894@loadtest.com,test123,2ef7a1eb-0744-4b0d-a3d3-ef11f7ee1bb4
mem_jmeter_0895,jmeter0895@loadtest.com,test123,2e7c5b17-48bb-47c7-8f62-f7850356d62d
mem_jmeter_0896,jmeter0896@loadtest.com,test123,d1f57ce7-0a8e-4dd7-a0ca-e1f5d56acfba
mem_jmeter_0897,jmeter0897@loadtest.com,test123,94c4a4da-f74e-4e59-b611-baa715bcf1ff
mem_jmeter_0898,jmeter0898@loadtest.com,test123,9b9aeb23-179a-4f9c-a240-22a3be2f0da8
mem_jmeter_0899,jmeter0899@loadtest.com,test123,2a6d70ab-7c15-471f-988c-9136c5cabf55
mem_jmeter_0900,jmeter0900@loadtest.com,test123,16b584bf-99fa-429f-b3ae-227f73fa8f4d
mem_jmeter_0901,jmeter0901@loadtest.com,test123,c55e6a68-536f-4737-80cc-e8bce3facf85
mem_jmeter_0902,jmeter0902@loadtest.com,test123,93480bcf-48ab-409f-b9c3-47edf719850f
mem_jmeter_0903,jmeter0903@loadtest.com,test123,967f7c36-c24d-4f70-bde5-fda4405ca18d
mem_jmeter_0904,jmeter0904@loadtest.com,test123,a35f75b0-f90e-4953-8055-36c5df7695a1
mem_jmeter_0905,jmeter0905@loadtest.com,test123,784ddd4f-37c2-4c31-932d-1e81e9c0b46c
mem_jmeter_0906,jmeter0906@loadtest.com,test123,2532e07d-9971-46c6-a0f8-1c59702b81b2
mem_jmeter_0907,jmeter0907@loadtest.com,test123,4b81f00e-36c3-4d9a-a8aa-28415a16779b
mem_jmeter_0908,jmeter0908@loadtest.com,test123,bb4b8f3c-4d30-4203-acb4-45aff406eea2
mem_jmeter_0909,jmeter0909@loadtest.com,test123,eae7ba44-8cd7-4ea4-abb8-e3cddb5a3748
mem_jmeter_0910,jmeter0910@loadtest.com,test123,9f848980-2fad-4282-a87b-ae3876262073
mem_jmeter_0911,jmeter0911@loadtest.com,test123,32d5ffc7-b611-4de4-964d-ed3aab86f46a
mem_jmeter_0912,jmeter0912@loadtest.com,test123,5e7fa5c7-965d-4540-a217-896b625cfffd
mem_jmeter_0913,jmeter0913@loadtest.com,test123,6a3409b5-d095-4215-9149-c108edbb21a9
mem_jmeter_0914,jmeter0914@loadtest.com,test123,d92de8b4-b4a1-41f1-99de-1fb70d2b5e65
mem_jmeter_0915,jmeter0915@loadtest.com,test123,7b4f9e1e-5560-4bb1-954a-1a5ccb460330
mem_jmeter_0916,jmeter0916@loadtest.com,test123,c094bda3-c0c9-418d-aa47-f48f1cb25276
mem_jmeter_0917,jmeter0917@loadtest.com,test123,bed014b3-71b9-48fc-8286-5500c2122708
mem_jmeter_0918,jmeter0918@loadtest.com,test123,a081d804-d77e-49af-9f4f-0938c639de2f
mem_jmeter_0919,jmeter0919@loadtest.com,test123,7171cb9d-e44e-463e-bb51-777d55bd2a3e
mem_jmeter_0920,jmeter0920@loadtest.com,test123,cfdb8be6-c396-4302-b7d3-149ca99d3e4a
mem_jmeter_0921,jmeter0921@loadtest.com,test123,4930d60b-ee78-45b9-bafe-a1751feb8006
mem_jmeter_0922,jmeter0922@loadtest.com,test123,0fffd75b-89ae-46d1-946b-2ea59dbaa649
mem_jmeter_0923,jmeter0923@loadtest.com,test123,31de7cad-25ac-4e34-a423-3e62f5389cc7
mem_jmeter_0924,jmeter0924@loadtest.com,test123,be31742e-1d12-4597-a9ae-dcb19911be4e
mem_jmeter_0925,jmeter0925@loadtest.com,test123,8f7ba88d-5fb7-4d13-96ed-62a1207512e0
mem_jmeter_0926,jmeter0926@loadtest.com,test123,22336ccb-7590-4db6-8be8-b205865ec2a4
mem_jmeter_0927,jmeter0927@loadtest.com,test123,27152fd3-418c-42bf-8e76-28f06145aea3
mem_jmeter_0928,jmeter0928@loadtest.com,test123,c47dffd8-a308-4033-9516-c34a22e5230f
mem_jmeter_0929,jmeter0929@loadtest.com,test123,4fedfdd0-b360-4e8e-a742-6a797e35c7d0
mem_jmeter_0930,jmeter0930@loadtest.com,test123,4cc2c0d5-4287-4928-9ee7-08c5124e77af
mem_jmeter_0931,jmeter0931@loadtest.com,test123,39c0315b-3bbd-4620-b9cd-33995ffa6853
mem_jmeter_0932,jmeter0932@loadtest.com,test123,1b2dc2cc-f56d-4bf9-bf7c-e8357fcaeaff
mem_jmeter_0933,jmeter0933@loadtest.com,test123,70c0ca72-74f8-422b-ac63-d23217518c84
mem_jmeter_0934,jmeter0934@loadtest.com,test123,fcaa59b7-09b9-4ec7-9851-17e329e4b949
mem_jmeter_0935,jmeter0935@loadtest.com,test123,58722996-fe7c-4a8c-b1ad-ef481e95022c
mem_jmeter_0936,jmeter0936@loadtest.com,test123,9361339f-c982-4259-bcbe-2c7dfb9d3008
mem_jmeter_0937,jmeter0937@loadtest.com,test123,f5bdeea6-5d1a-43ce-8ff1-43b6b5bae016
mem_jmeter_0938,jmeter0938@loadtest.com,test123,ba45210d-e51a-4c96-8f30-0d98d13a7b1e
mem_jmeter_0939,jmeter0939@loadtest.com,test123,3f46d48b-35cc-4239-a29c-417dd677c483
mem_jmeter_0940,jmeter0940@loadtest.com,test123,aa636074-347d-4f57-84f9-5a863f8bb151
mem_jmeter_0941,jmeter0941@loadtest.com,test123,044ba9fd-6190-49cf-91d9-cdf6123aebe7
mem_jmeter_0942,jmeter0942@loadtest.com,test123,892d48b5-ff67-4d58-ab86-2759c228c3b4
mem_jmeter_0943,jmeter0943@loadtest.com,test123,bfcedd31-3df5-46ba-be0d-cde3ffbd609c
mem_jmeter_0944,jmeter0944@loadtest.com,test123,83bb24ab-6e62-43fa-b387-80c9c1d8c8e8
mem_jmeter_0945,jmeter0945@loadtest.com,test123,9712713c-d059-49c3-bcb7-8e6a7fc0adc3
mem_jmeter_0946,jmeter0946@loadtest.com,test123,f275441c-5205-433e-8852-dc7591eb0d2b
mem_jmeter_0947,jmeter0947@loadtest.com,test123,cf966b50-fb0b-4d53-9173-3ec863e2b395
mem_jmeter_0948,jmeter0948@loadtest.com,test123,4706f431-722d-4878-bcfd-423b93dd926d
mem_jmeter_0949,jmeter0949@loadtest.com,test123,56dedefa-e8cb-48a1-8d37-955ea7e047a6
mem_jmeter_0950,jmeter0950@loadtest.com,test123,8d8c0c5f-ea16-49dc-996c-9a0f4368b08d
mem_jmeter_0951,jmeter0951@loadtest.com,test123,b5b30dea-e22c-4614-93bf-5824ae9c96da
mem_jmeter_0952,jmeter0952@loadtest.com,test123,62532105-c5cb-4e2c-a4e8-776d946711aa
mem_jmeter_0953,jmeter0953@loadtest.com,test123,6f65c0fe-62fa-4eaa-b888-ec8b30586dc7
mem_jmeter_0954,jmeter0954@loadtest.com,test123,e0b7f66b-ff27-4c5c-ac24-c41fd5f83ade
mem_jmeter_0955,jmeter0955@loadtest.com,test123,cedfe315-53c5-4882-8109-fffc57c61cdf
mem_jmeter_0956,jmeter0956@loadtest.com,test123,d2b421c5-1a1d-4daa-b659-1adedd615ea8
mem_jmeter_0957,jmeter0957@loadtest.com,test123,48aad0e8-d2dc-40a2-869f-8040a70bf3bf
mem_jmeter_0958,jmeter0958@loadtest.com,test123,a731c7a9-5f5e-4c0f-9bb1-aefdda18fd4a
mem_jmeter_0959,jmeter0959@loadtest.com,test123,28216b30-bdd4-48f5-a1ba-42c00d007bc8
mem_jmeter_0960,jmeter0960@loadtest.com,test123,86249985-f25f-4c3b-becf-e93db2399dd0
mem_jmeter_0961,jmeter0961@loadtest.com,test123,fe7ad877-0bd3-4695-a522-9e56234084c0
mem_jmeter_0962,jmeter0962@loadtest.com,test123,a4bc7acb-cfd3-4052-a9fc-f5bab1f5b7fd
mem_jmeter_0963,jmeter0963@loadtest.com,test123,a6041659-5295-4440-bb33-907f80c81c83
mem_jmeter_0964,jmeter0964@loadtest.com,test123,ee4a7a7c-f440-4abe-9a6c-58f563da0611
mem_jmeter_0965,jmeter0965@loadtest.com,test123,70c7dbf6-ae55-4e8f-a4f7-5d9bc12716f7
mem_jmeter_0966,jmeter0966@loadtest.com,test123,307fe531-985d-4ac4-ba6e-32a1408bffa7
mem_jmeter_0967,jmeter0967@loadtest.com,test123,bf324749-d87d-4730-bac8-6d2d464aa459
mem_jmeter_0968,jmeter0968@loadtest.com,test123,732ed7ce-f4a7-4ef8-87dd-89cfd39d09b9
mem_jmeter_0969,jmeter0969@loadtest.com,test123,98a7825f-650a-420b-83b5-66e7b5ff90a4
mem_jmeter_0970,jmeter0970@loadtest.com,test123,48b414ef-50b6-4d9d-8eae-c007fb79c7c5
mem_jmeter_0971,jmeter0971@loadtest.com,test123,dffbc4aa-6186-4a45-90ea-17cfdf6dd70e
mem_jmeter_0972,jmeter0972@loadtest.com,test123,c2e03295-b0b0-4f67-a479-8a4f1368a9be
mem_jmeter_0973,jmeter0973@loadtest.com,test123,dd58fa7a-e71f-4b63-8f21-a2649ab820ea
mem_jmeter_0974,jmeter0974@loadtest.com,test123,09e4c42d-ad39-4c8a-bc3c-6752228fa208
mem_jmeter_0975,jmeter0975@loadtest.com,test123,42d287fc-5e21-46ab-b1e3-b12544ae136e
mem_jmeter_0976,jmeter0976@loadtest.com,test123,69ce5bf1-92de-4143-b7f9-2335570033ca
mem_jmeter_0977,jmeter0977@loadtest.com,test123,384076bc-56cf-49b2-9c11-3a0f28da554d
mem_jmeter_0978,jmeter0978@loadtest.com,test123,967dd942-4cc6-4776-90b6-fdb68ebc033e
mem_jmeter_0979,jmeter0979@loadtest.com,test123,56fa4082-fb35-4c89-9301-9f01f58f448e
mem_jmeter_0980,jmeter0980@loadtest.com,test123,2dcf426e-acb0-411b-81e6-37800e3bf830
mem_jmeter_0981,jmeter0981@loadtest.com,test123,fea24e25-da2f-4dda-a676-bf59ba364f1b
mem_jmeter_0982,jmeter0982@loadtest.com,test123,91567629-02db-4edd-8e60-0ce31d3dccf4
mem_jmeter_0983,jmeter0983@loadtest.com,test123,9f466421-ea07-4fb2-94c4-7aa7cb0908fb
mem_jmeter_0984,jmeter0984@loadtest.com,test123,e8f5cc28-31d6-4ecc-965e-730b8692709e
mem_jmeter_0985,jmeter0985@loadtest.com,test123,d1c15678-30e7-4a0b-b194-1ff61bd12c52
mem_jmeter_0986,jmeter0986@loadtest.com,test123,0b5b45e8-8b07-456c-8b01-131840e56ad3
mem_jmeter_0987,jmeter0987@loadtest.com,test123,47acc652-d161-443e-a187-8f90f4654473
mem_jmeter_0988,jmeter0988@loadtest.com,test123,e198544b-7bf5-4a60-9e2d-65c9a7812ed6
mem_jmeter_0989,jmeter0989@loadtest.com,test123,176ef9c4-5fb2-4685-a924-69367f6393ce
mem_jmeter_0990,jmeter0990@loadtest.com,test123,c61e8b3f-0202-4ea4-b99f-415af5e1ddf7
mem_jmeter_0991,jmeter0991@loadtest.com,test123,92b7bd9b-34ca-4220-aa64-f04137400313
mem_jmeter_0992,jmeter0992@loadtest.com,test123,1c574420-dc04-483d-a617-d504af3be432
mem_jmeter_0993,jmeter0993@loadtest.com,test123,da453582-ff41-46b6-8e7a-c824406df64d
mem_jmeter_0994,jmeter0994@loadtest.com,test123,4f5ba0ee-11b7-4b8e-9bbe-d82839424a01
mem_jmeter_0995,jmeter0995@loadtest.com,test123,a3201712-44cc-4703-9bf5-c00c570477f8
mem_jmeter_0996,jmeter0996@loadtest.com,test123,32da1391-1ad9-428e-a31b-85d847b3bc12
mem_jmeter_0997,jmeter0997@loadtest.com,test123,badbe5e8-4eee-4f4e-9422-cb24980d1914
mem_jmeter_0998,jmeter0998@loadtest.com,test123,975415c3-b6bd-4c0d-b207-fba1f4937ba9
mem_jmeter_0999,jmeter0999@loadtest.com,test123,68253cac-ee83-41ad-871d-6596afc85da7
mem_jmeter_1000,jmeter1000@loadtest.com,test123,98a2a015-82cf-4450-85be-c869a36ad004
mem_jmeter_1001,jmeter1001@loadtest.com,test123,068597d5-dece-4afb-a72c-b8baf09c78c0
mem_jmeter_1002,jmeter1002@loadtest.com,test123,d8e61546-d4cc-461b-a628-cf46e2548b70
mem_jmeter_1003,jmeter1003@loadtest.com,test123,eed02c96-c613-4abe-a1b4-ff1cc5f3c542
mem_jmeter_1004,jmeter1004@loadtest.com,test123,2d2518d2-9abf-4393-9863-c4385b3e7226
mem_jmeter_1005,jmeter1005@loadtest.com,test123,f1387ba5-f99a-4a35-b9f9-fad03cf89f4f
mem_jmeter_1006,jmeter1006@loadtest.com,test123,26f576f8-49cc-456e-ad0a-5982767b6d3e
mem_jmeter_1007,jmeter1007@loadtest.com,test123,f94d770b-ff7b-4a19-a4d1-f3ac88ec5420
mem_jmeter_1008,jmeter1008@loadtest.com,test123,3eb586fd-4774-4f40-9e8b-543e8d79b1f6
mem_jmeter_1009,jmeter1009@loadtest.com,test123,f900106c-5c88-42fe-a1f4-ba6a9a564eed
mem_jmeter_1010,jmeter1010@loadtest.com,test123,6be4d0f9-6f4d-4e3f-86e5-e425fbd1e048
mem_jmeter_1011,jmeter1011@loadtest.com,test123,8a8893bd-303c-42c8-af18-f4dc3636ca01
mem_jmeter_1012,jmeter1012@loadtest.com,test123,b924b751-80c7-450a-ac7d-1ddba594c8f6
mem_jmeter_1013,jmeter1013@loadtest.com,test123,7cf07336-c01c-456d-8ef5-26a837f78f8b
mem_jmeter_1014,jmeter1014@loadtest.com,test123,e6437d84-c407-4f42-819e-a223bffe6368
mem_jmeter_1015,jmeter1015@loadtest.com,test123,f5dbe26e-12d3-4ddb-8400-964c60e1551a
mem_jmeter_1016,jmeter1016@loadtest.com,test123,98b4893a-defc-4c41-98f4-902ae53055f2
mem_jmeter_1017,jmeter1017@loadtest.com,test123,b915e313-de5f-40ea-bfc2-f028522f1411
mem_jmeter_1018,jmeter1018@loadtest.com,test123,8843b0a7-ab3e-4ac6-8a81-670284536839
mem_jmeter_1019,jmeter1019@loadtest.com,test123,e4960faf-9d4e-4b40-ab7c-6c9f79cd95b9
mem_jmeter_1020,jmeter1020@loadtest.com,test123,15b08ffd-6a0e-42e1-bb26-c5d83fd7563b
mem_jmeter_1021,jmeter1021@loadtest.com,test123,d46aa5e5-eeda-49bc-9a06-8df4cf6ad8fb
mem_jmeter_1022,jmeter1022@loadtest.com,test123,b744cb55-e806-48f1-8de5-4037abb21900
mem_jmeter_1023,jmeter1023@loadtest.com,test123,cec3a039-265f-477f-9fa1-35ff3657721e
mem_jmeter_1024,jmeter1024@loadtest.com,test123,859b1237-07c0-439a-8c8b-c603e08c5fd7
mem_jmeter_1025,jmeter1025@loadtest.com,test123,e1058d4c-1c21-4869-ab48-2cde5d64a9be
mem_jmeter_1026,jmeter1026@loadtest.com,test123,16e41998-9020-4298-bf3b-aea0563cf257
mem_jmeter_1027,jmeter1027@loadtest.com,test123,fe71a2b8-9783-45eb-8ab2-90ae522dc7db
mem_jmeter_1028,jmeter1028@loadtest.com,test123,1be06646-46b5-424e-808c-5aed63dabccb
mem_jmeter_1029,jmeter1029@loadtest.com,test123,45de3a71-1b8c-4f9e-98e5-3754fea52691
mem_jmeter_1030,jmeter1030@loadtest.com,test123,de0696d5-9923-43cf-9759-62b08136b8aa
mem_jmeter_1031,jmeter1031@loadtest.com,test123,8c14458b-2960-4494-a2dd-3dcf766cf425
mem_jmeter_1032,jmeter1032@loadtest.com,test123,8ff84455-cf1f-45ac-9697-c8ea20109b11
mem_jmeter_1033,jmeter1033@loadtest.com,test123,e18bedde-34b9-4917-aff2-671f877f39e5
mem_jmeter_1034,jmeter1034@loadtest.com,test123,7bd75bfc-0a16-4961-85a4-0f9a1727ee47
mem_jmeter_1035,jmeter1035@loadtest.com,test123,0960c279-f452-4497-818f-81304815e482
mem_jmeter_1036,jmeter1036@loadtest.com,test123,b9eb6951-145e-4c7e-b42b-faf69d2045aa
mem_jmeter_1037,jmeter1037@loadtest.com,test123,9eeab1f5-54e4-4a35-93a0-1cb93c51ba9f
mem_jmeter_1038,jmeter1038@loadtest.com,test123,40975e48-0f83-442c-a4ee-393fac9d7184
mem_jmeter_1039,jmeter1039@loadtest.com,test123,6806bbfe-2268-45f9-9530-7a83e6a1e890
mem_jmeter_1040,jmeter1040@loadtest.com,test123,c31bbd13-be5a-4047-9eab-5bbbeb55a4ea
mem_jmeter_1041,jmeter1041@loadtest.com,test123,889682f3-e1cc-4bef-a471-d1ec0d3fa22c
mem_jmeter_1042,jmeter1042@loadtest.com,test123,70ea1317-797b-4e55-8f8a-11b9bc15de3d
mem_jmeter_1043,jmeter1043@loadtest.com,test123,7e0a4e60-7623-4653-8a63-a5dbcb2428e4
mem_jmeter_1044,jmeter1044@loadtest.com,test123,8f052609-3f97-40d5-92b9-3d8798a8308e
mem_jmeter_1045,jmeter1045@loadtest.com,test123,15386788-8dd7-433a-a800-2c2a5a29efd8
mem_jmeter_1046,jmeter1046@loadtest.com,test123,9f8610eb-ed24-433b-9854-eeac71a6692d
mem_jmeter_1047,jmeter1047@loadtest.com,test123,308b27d7-b28d-4b8e-b9df-2d69459870d8
mem_jmeter_1048,jmeter1048@loadtest.com,test123,6d61a9bd-0ef2-4b55-87b1-03b14f36feed
mem_jmeter_1049,jmeter1049@loadtest.com,test123,7a2ce2a0-aab2-4ce4-af1f-f87a7ae4e6f3
mem_jmeter_1050,jmeter1050@loadtest.com,test123,725107b2-0eb6-421b-845b-0b2cd7ebf1be
mem_jmeter_1051,jmeter1051@loadtest.com,test123,cba8b5b7-1b0f-4dd9-b0c0-ced0703b5e64
mem_jmeter_1052,jmeter1052@loadtest.com,test123,f2f9bfad-b3a6-4341-847c-602103f21aef
mem_jmeter_1053,jmeter1053@loadtest.com,test123,df773721-785b-446c-8000-0a2152f1d371
mem_jmeter_1054,jmeter1054@loadtest.com,test123,cafe19c1-1ba1-4afb-8982-fe47f9df04a9
mem_jmeter_1055,jmeter1055@loadtest.com,test123,74b399c7-f035-4718-8d08-f72f94a08923
mem_jmeter_1056,jmeter1056@loadtest.com,test123,f346fc7c-df06-4a45-9763-069c0a2ecc48
mem_jmeter_1057,jmeter1057@loadtest.com,test123,9742a542-eeb9-4e73-b18f-25dadbf556c5
mem_jmeter_1058,jmeter1058@loadtest.com,test123,dec77891-af59-4627-bddb-94ddd64282be
mem_jmeter_1059,jmeter1059@loadtest.com,test123,ad13f330-1edb-421c-bf15-d44b37095d65
mem_jmeter_1060,jmeter1060@loadtest.com,test123,bbb3a790-c5e0-444e-bb24-d75f6a8fe74a
mem_jmeter_1061,jmeter1061@loadtest.com,test123,ca890d7f-01c9-42dd-9bae-72472338830f
mem_jmeter_1062,jmeter1062@loadtest.com,test123,4dfd54e5-10c7-4d60-87b0-40c046ab5547
mem_jmeter_1063,jmeter1063@loadtest.com,test123,6eff1bb9-ec6a-47f2-b3a3-d9ba89d5005e
mem_jmeter_1064,jmeter1064@loadtest.com,test123,f16a3b7c-16f3-445c-8bf9-2a3b04cd9527
mem_jmeter_1065,jmeter1065@loadtest.com,test123,71bd2cbd-e5f5-4031-b75e-45ad536a3bb9
mem_jmeter_1066,jmeter1066@loadtest.com,test123,3536f51c-7b85-4f6c-9467-70c431c5832b
mem_jmeter_1067,jmeter1067@loadtest.com,test123,add82aea-60f7-45fb-9ea3-d7464cdb0b54
mem_jmeter_1068,jmeter1068@loadtest.com,test123,5cdf64d9-bd68-4a0b-81af-2051c3ff25bd
mem_jmeter_1069,jmeter1069@loadtest.com,test123,506dfda2-71c7-48b1-823f-e420a1d93beb
mem_jmeter_1070,jmeter1070@loadtest.com,test123,5c968e24-cf17-4aad-bb11-def3ef371958
mem_jmeter_1071,jmeter1071@loadtest.com,test123,66b2e5ce-6d4e-49d7-9c95-83453a859e37
mem_jmeter_1072,jmeter1072@loadtest.com,test123,f6480fed-005a-411c-ad7d-75988a54d48e
mem_jmeter_1073,jmeter1073@loadtest.com,test123,019d6a66-7063-48b1-b129-8d6454e0ed46
mem_jmeter_1074,jmeter1074@loadtest.com,test123,427bd2d5-1d25-465b-9002-cec507208ec3
mem_jmeter_1075,jmeter1075@loadtest.com,test123,ed99660c-29bc-4b04-971e-674de768c8e3
mem_jmeter_1076,jmeter1076@loadtest.com,test123,bfd77f0a-3f6c-4168-a1b6-dab35d4340b5
mem_jmeter_1077,jmeter1077@loadtest.com,test123,5a511412-6944-4755-ae3e-ac0c709d8b4f
mem_jmeter_1078,jmeter1078@loadtest.com,test123,bc023fea-ff5c-4abd-8be4-c2054413523d
mem_jmeter_1079,jmeter1079@loadtest.com,test123,beb97283-1631-48d6-9676-c9a98ca7cb46
mem_jmeter_1080,jmeter1080@loadtest.com,test123,dc4771c8-51be-4b9c-a37d-7fbefd4410e3
mem_jmeter_1081,jmeter1081@loadtest.com,test123,bb6c766f-c353-4fee-be60-62a112eb5cc7
mem_jmeter_1082,jmeter1082@loadtest.com,test123,cbade969-976c-4d09-a94e-7fed81a46ff3
mem_jmeter_1083,jmeter1083@loadtest.com,test123,a31f4314-2f96-43f4-abb9-1d565d7a0948
mem_jmeter_1084,jmeter1084@loadtest.com,test123,b4e0fcbc-ff2a-4f6e-90d9-2b1ccdd73a4c
mem_jmeter_1085,jmeter1085@loadtest.com,test123,604cc104-f43c-4473-985c-311ea4586266
mem_jmeter_1086,jmeter1086@loadtest.com,test123,44a37793-7272-42a0-bd6f-bcdd8feed061
mem_jmeter_1087,jmeter1087@loadtest.com,test123,c4244c9b-5146-4df3-a859-8a7cb895b110
mem_jmeter_1088,jmeter1088@loadtest.com,test123,ba01c2b9-cb5f-42ca-86d7-924767b8fe45
mem_jmeter_1089,jmeter1089@loadtest.com,test123,fa5bd19a-4a9b-4dc8-a3ed-34c687f2adf7
mem_jmeter_1090,jmeter1090@loadtest.com,test123,97e8e253-a42d-4540-8ea1-05c948d1c8da
mem_jmeter_1091,jmeter1091@loadtest.com,test123,83ef41b2-4179-43f7-8148-9b781c0d6e56
mem_jmeter_1092,jmeter1092@loadtest.com,test123,3153940b-769b-4e09-a39d-76fc07422d74
mem_jmeter_1093,jmeter1093@loadtest.com,test123,556f61ad-d610-464e-88e9-01d1852b9c8d
mem_jmeter_1094,jmeter1094@loadtest.com,test123,dae15dc2-785a-4c45-a8e3-d52278c3cd54
mem_jmeter_1095,jmeter1095@loadtest.com,test123,bcb7959b-9d63-4562-a51e-dd7099c277b6
mem_jmeter_1096,jmeter1096@loadtest.com,test123,06ccebfc-2721-4cb5-a3ac-4ecaa1ea7c37
mem_jmeter_1097,jmeter1097@loadtest.com,test123,5d2f4bdc-a4bf-45d4-863b-4bb999661ef9
mem_jmeter_1098,jmeter1098@loadtest.com,test123,89d82d4a-e55c-45ee-8b75-1c46646908c9
mem_jmeter_1099,jmeter1099@loadtest.com,test123,bb9d15b7-7624-46af-be09-68aac93734ee
mem_jmeter_1100,jmeter1100@loadtest.com,test123,951bf748-fafb-45a3-894c-544800d4ed59
mem_jmeter_1101,jmeter1101@loadtest.com,test123,07754531-02d4-489d-a6b9-7993fee329ed
mem_jmeter_1102,jmeter1102@loadtest.com,test123,84ab8318-fa55-44d9-9ef3-604cf0f283d8
mem_jmeter_1103,jmeter1103@loadtest.com,test123,c815183a-8382-49d9-bfb3-3c776bf6cf24
mem_jmeter_1104,jmeter1104@loadtest.com,test123,a6aed351-6cda-489c-b934-e283db74bc34
mem_jmeter_1105,jmeter1105@loadtest.com,test123,b7c9ebac-15c4-471f-8a40-2d73a3978f1b
mem_jmeter_1106,jmeter1106@loadtest.com,test123,91c00959-ef0d-4af1-af06-aadba03c684d
mem_jmeter_1107,jmeter1107@loadtest.com,test123,64d027df-1416-41c8-8e4f-c3bb5446cebb
mem_jmeter_1108,jmeter1108@loadtest.com,test123,33640137-2215-4128-8657-04d6819d919a
mem_jmeter_1109,jmeter1109@loadtest.com,test123,5ada6475-9de8-4fb6-97ca-15b69cea5533
mem_jmeter_1110,jmeter1110@loadtest.com,test123,018fa6f1-ebbc-4ff0-8b87-613cc2311ad6
mem_jmeter_1111,jmeter1111@loadtest.com,test123,8183146b-0d7a-4a7e-8ca6-881475e32251
mem_jmeter_1112,jmeter1112@loadtest.com,test123,85bc0503-860f-4150-8c70-ad2687144221
mem_jmeter_1113,jmeter1113@loadtest.com,test123,eb653c7e-4a28-49e2-afcc-202245387d52
mem_jmeter_1114,jmeter1114@loadtest.com,test123,717a6579-76b1-4148-ad99-dc37e21302c7
mem_jmeter_1115,jmeter1115@loadtest.com,test123,11dac022-c800-4095-accd-3834b20d17e0
mem_jmeter_1116,jmeter1116@loadtest.com,test123,93076414-e400-4878-a1df-2fd3815d0799
mem_jmeter_1117,jmeter1117@loadtest.com,test123,842cd24d-ac76-4e8a-8d4a-fb2ea7dd8d4a
mem_jmeter_1118,jmeter1118@loadtest.com,test123,d1dda2d2-7cdf-466c-a99b-7542456160de
mem_jmeter_1119,jmeter1119@loadtest.com,test123,a81323b0-9294-47af-9dd7-ed4d64e461cb
mem_jmeter_1120,jmeter1120@loadtest.com,test123,3fba8feb-d9d7-4a6a-b677-29aa0d2f649d
mem_jmeter_1121,jmeter1121@loadtest.com,test123,4cfa0a2b-e396-410d-afb8-7a6791224f3e
mem_jmeter_1122,jmeter1122@loadtest.com,test123,a93ff1be-601f-4eda-abd5-5e86fe5e8a2c
mem_jmeter_1123,jmeter1123@loadtest.com,test123,367bb48a-52db-4045-8965-f84d6a7a7452
mem_jmeter_1124,jmeter1124@loadtest.com,test123,a6cd0d84-3960-4ee9-9cf9-af4864fa26df
mem_jmeter_1125,jmeter1125@loadtest.com,test123,6263dd0d-a106-4d0c-9e0d-3589da2aa333
mem_jmeter_1126,jmeter1126@loadtest.com,test123,745461aa-5823-46e8-aa52-552d6f0c88fc
mem_jmeter_1127,jmeter1127@loadtest.com,test123,3d22ced2-fbd8-460e-ab3f-2fd2432fcee3
mem_jmeter_1128,jmeter1128@loadtest.com,test123,e8e189c0-db05-49e7-8822-ae93a52ab0b3
mem_jmeter_1129,jmeter1129@loadtest.com,test123,04cc2079-66b7-4262-8989-b07f8e82886e
mem_jmeter_1130,jmeter1130@loadtest.com,test123,2f16851f-1a96-4669-90bc-cbccecbb2878
mem_jmeter_1131,jmeter1131@loadtest.com,test123,9d6d622b-1f58-417b-97cf-277a251f6c74
mem_jmeter_1132,jmeter1132@loadtest.com,test123,353ab42d-1851-4563-b43e-c9d00ee0d464
mem_jmeter_1133,jmeter1133@loadtest.com,test123,e948c13f-9956-4928-8be0-4a449d1ce34e
mem_jmeter_1134,jmeter1134@loadtest.com,test123,d3aaf0b1-6c43-43a4-aa49-3c761b145d2f
mem_jmeter_1135,jmeter1135@loadtest.com,test123,158ecf8e-c48e-454e-a77c-2b0830471030
mem_jmeter_1136,jmeter1136@loadtest.com,test123,a04d7a0b-b845-4e44-b90e-feac59f45efb
mem_jmeter_1137,jmeter1137@loadtest.com,test123,661da247-5580-476b-ae84-dbdc0682b195
mem_jmeter_1138,jmeter1138@loadtest.com,test123,b2d61404-e507-4467-954d-6d4d18f07912
mem_jmeter_1139,jmeter1139@loadtest.com,test123,9a2c9c9d-26e7-4ec5-ab8a-6421ccd92665
mem_jmeter_1140,jmeter1140@loadtest.com,test123,5bfb823e-0aaf-4cd2-b808-f6df3648292f
mem_jmeter_1141,jmeter1141@loadtest.com,test123,5b7869d2-494e-4555-945f-6c3957876ce3
mem_jmeter_1142,jmeter1142@loadtest.com,test123,4e37ac29-ef3e-445b-899d-6bbcb41b97a1
mem_jmeter_1143,jmeter1143@loadtest.com,test123,0996983b-c409-4ce7-90d3-13a536b363b0
mem_jmeter_1144,jmeter1144@loadtest.com,test123,8204392a-03f5-47ec-977e-fe836f8cca53
mem_jmeter_1145,jmeter1145@loadtest.com,test123,42bad59a-5eb0-47ba-bd3d-c88981573931
mem_jmeter_1146,jmeter1146@loadtest.com,test123,97c1cd05-5047-411c-9f57-8d660fa11a93
mem_jmeter_1147,jmeter1147@loadtest.com,test123,7695374c-ed8d-44aa-950d-e267cb27ceee
mem_jmeter_1148,jmeter1148@loadtest.com,test123,af4be957-beb1-4b24-a16e-ba143c056ee6
mem_jmeter_1149,jmeter1149@loadtest.com,test123,c808c4c3-1674-45f5-b6b0-71bc09c67919
mem_jmeter_1150,jmeter1150@loadtest.com,test123,66494f52-66f4-47db-9575-4ee2b386dbbc
mem_jmeter_1151,jmeter1151@loadtest.com,test123,81c1e4c7-bedd-4bd1-b6ae-3fd130b538b2
mem_jmeter_1152,jmeter1152@loadtest.com,test123,1bf73b69-7f1a-4be2-a8d6-374d0b581dc0
mem_jmeter_1153,jmeter1153@loadtest.com,test123,e821a268-68d0-49a9-b678-d16cfec88609
mem_jmeter_1154,jmeter1154@loadtest.com,test123,04b7ac5c-2348-42c1-92f9-8b53831c5927
mem_jmeter_1155,jmeter1155@loadtest.com,test123,d1f5bb52-2df0-40b9-a60d-d940fe754709
mem_jmeter_1156,jmeter1156@loadtest.com,test123,999aa179-98b6-4be4-a1c9-40bb6ea7fcb5
mem_jmeter_1157,jmeter1157@loadtest.com,test123,f6ad2126-f2da-4311-ae02-88f1a275ecc3
mem_jmeter_1158,jmeter1158@loadtest.com,test123,b2eef9de-ac2e-40f2-819f-33c7222978f8
mem_jmeter_1159,jmeter1159@loadtest.com,test123,8f820875-ed8a-4b2d-aa2d-58f32063569e
mem_jmeter_1160,jmeter1160@loadtest.com,test123,65c263d6-5735-43bd-967f-082608769a9e
mem_jmeter_1161,jmeter1161@loadtest.com,test123,cadf7ed8-af87-4191-ad45-c0998b76f989
mem_jmeter_1162,jmeter1162@loadtest.com,test123,d2021526-4964-4689-9cd7-e5d4372dae88
mem_jmeter_1163,jmeter1163@loadtest.com,test123,e093acca-9aba-4cb0-840c-887768a09473
mem_jmeter_1164,jmeter1164@loadtest.com,test123,c9b88f71-6b4e-4ebd-81ee-4e04be447496
mem_jmeter_1165,jmeter1165@loadtest.com,test123,16f5bfb3-17b5-44de-af2c-384a0c370c54
mem_jmeter_1166,jmeter1166@loadtest.com,test123,74c79577-8051-432f-a484-6be4a6e6e145
mem_jmeter_1167,jmeter1167@loadtest.com,test123,9c174471-fbf4-4619-ae74-6a7bafc4bc61
mem_jmeter_1168,jmeter1168@loadtest.com,test123,2411c159-3b9f-46b4-b40f-9be392d77f6c
mem_jmeter_1169,jmeter1169@loadtest.com,test123,b5e0d5a9-6fc2-4582-b760-08714c290870
mem_jmeter_1170,jmeter1170@loadtest.com,test123,c04d95fd-cba6-46f1-bad2-caa8d8375154
mem_jmeter_1171,jmeter1171@loadtest.com,test123,889a3237-4639-47fb-aafd-d4c3c3859bb7
mem_jmeter_1172,jmeter1172@loadtest.com,test123,f0d783f2-90c9-47f2-aef8-dfcd4c7116c5
mem_jmeter_1173,jmeter1173@loadtest.com,test123,a0218bd3-6fbd-4cce-b2bf-5e2b45304046
mem_jmeter_1174,jmeter1174@loadtest.com,test123,c52c4d89-4d5b-4b39-9f18-b6133c00392c
mem_jmeter_1175,jmeter1175@loadtest.com,test123,a3d234f4-4337-40e1-b795-c6ed92f7abc7
mem_jmeter_1176,jmeter1176@loadtest.com,test123,c79391cb-5418-43b9-bd89-b0ebe8a89bf1
mem_jmeter_1177,jmeter1177@loadtest.com,test123,47857cb7-c359-463e-8488-c3ef48164106
mem_jmeter_1178,jmeter1178@loadtest.com,test123,3b938878-65ec-4c43-aa68-f923cd9857c7
mem_jmeter_1179,jmeter1179@loadtest.com,test123,1b983000-3531-4c90-ba89-9e2d5813f17d
mem_jmeter_1180,jmeter1180@loadtest.com,test123,c526b233-5d4f-45a6-b410-2d874da44279
mem_jmeter_1181,jmeter1181@loadtest.com,test123,101d4815-fd07-4b67-a331-e84c2dda8474
mem_jmeter_1182,jmeter1182@loadtest.com,test123,1b34eea6-bb6c-4121-bb18-d27d7b64e73d
mem_jmeter_1183,jmeter1183@loadtest.com,test123,191cc142-dd41-43a2-b3ac-3aec7516941f
mem_jmeter_1184,jmeter1184@loadtest.com,test123,254fa79c-9134-4483-8a88-0d4e2365088e
mem_jmeter_1185,jmeter1185@loadtest.com,test123,e1f8ca77-4e30-4ddb-aff4-5b6b29eb35ce
mem_jmeter_1186,jmeter1186@loadtest.com,test123,2bc75d83-9d24-487a-abb8-dbd96f0aa66f
mem_jmeter_1187,jmeter1187@loadtest.com,test123,210c8620-35b1-43cc-825b-e30c300959d8
mem_jmeter_1188,jmeter1188@loadtest.com,test123,e79d5194-93c4-4ff6-ae58-b30b45d18bbd
mem_jmeter_1189,jmeter1189@loadtest.com,test123,dbf74f8d-a8b2-4979-8571-6cf996334f61
mem_jmeter_1190,jmeter1190@loadtest.com,test123,f5e0253a-1219-4b3f-8333-728e48675367
mem_jmeter_1191,jmeter1191@loadtest.com,test123,4a618abd-ced5-4f79-949f-b218c2a02f55
mem_jmeter_1192,jmeter1192@loadtest.com,test123,d9d3d9b6-049d-40d6-9466-93ae4495da36
mem_jmeter_1193,jmeter1193@loadtest.com,test123,caadcb43-efd9-409a-a458-ccbf0d0cbea2
mem_jmeter_1194,jmeter1194@loadtest.com,test123,388914e6-bbfc-4165-9782-c1bfcea94939
mem_jmeter_1195,jmeter1195@loadtest.com,test123,701d7a51-b01f-4a8d-86a8-5e1a4bfe50a4
mem_jmeter_1196,jmeter1196@loadtest.com,test123,38ba305f-2aaa-4f22-9c9c-880c7d6b8205
mem_jmeter_1197,jmeter1197@loadtest.com,test123,32ccfe5f-eec7-4383-83c0-6b56031ce163
mem_jmeter_1198,jmeter1198@loadtest.com,test123,c3e1c373-8901-486e-99f4-65472a51e786
mem_jmeter_1199,jmeter1199@loadtest.com,test123,06f15ec2-6efa-4bed-b2fb-5c55dd2b576c
mem_jmeter_1200,jmeter1200@loadtest.com,test123,a23612ff-87b2-4a7b-aad3-aba8e116de41
mem_jmeter_1201,jmeter1201@loadtest.com,test123,7591d34d-8acb-491e-ab15-7fd497e157cb
mem_jmeter_1202,jmeter1202@loadtest.com,test123,43da6c4d-bc11-4554-861e-82f5b0c8a941
mem_jmeter_1203,jmeter1203@loadtest.com,test123,ab3fb5a4-dd38-46c7-96df-b54785b46252
mem_jmeter_1204,jmeter1204@loadtest.com,test123,d09c7218-05da-471e-9734-c504c9b79330
mem_jmeter_1205,jmeter1205@loadtest.com,test123,4ba50d1c-4d87-41da-b2ce-12495ea84c4d
mem_jmeter_1206,jmeter1206@loadtest.com,test123,1cb6ba5f-3a24-4a63-851f-13a15f9cee47
mem_jmeter_1207,jmeter1207@loadtest.com,test123,697c7cad-957d-48e4-8878-8a6c5fe519c8
mem_jmeter_1208,jmeter1208@loadtest.com,test123,94fbbb9d-7b79-4b09-aead-7aa6ae62e68e
mem_jmeter_1209,jmeter1209@loadtest.com,test123,21a53034-0004-4f46-a9cb-41237d0e1f99
mem_jmeter_1210,jmeter1210@loadtest.com,test123,7dabfdeb-706b-4161-85c1-ceeaf177e7de
mem_jmeter_1211,jmeter1211@loadtest.com,test123,2ecf3847-a5c7-4d25-b500-a7bcbdd9db98
mem_jmeter_1212,jmeter1212@loadtest.com,test123,a43357e2-ffe0-40b8-80fe-cb5f5e6a0674
mem_jmeter_1213,jmeter1213@loadtest.com,test123,4c84e663-1be5-4681-ba97-ec026fcfec8b
mem_jmeter_1214,jmeter1214@loadtest.com,test123,505a67bc-dcc2-4b46-b9c3-86d10b88356f
mem_jmeter_1215,jmeter1215@loadtest.com,test123,873cacbd-cdde-41b4-a8be-793ae587a90f
mem_jmeter_1216,jmeter1216@loadtest.com,test123,72775d0a-e4ec-439e-899b-f6b8fc4527c3
mem_jmeter_1217,jmeter1217@loadtest.com,test123,e62c8d86-18ce-4278-8687-3f4b8e695084
mem_jmeter_1218,jmeter1218@loadtest.com,test123,4498baeb-7035-4a9e-8267-7910f6fd1147
mem_jmeter_1219,jmeter1219@loadtest.com,test123,e740fc2d-1b82-422a-b681-c800b5d55f2b
mem_jmeter_1220,jmeter1220@loadtest.com,test123,d60f6f70-0fe8-4927-bd8d-76b0b5d93ee7
mem_jmeter_1221,jmeter1221@loadtest.com,test123,aff5d25c-3f48-48c0-aa38-c87ec8ec94d4
mem_jmeter_1222,jmeter1222@loadtest.com,test123,8961a297-1764-43d5-a6fb-e07a7dc4af11
mem_jmeter_1223,jmeter1223@loadtest.com,test123,0f1b66e3-ec79-4ab0-9aa3-ef67efb162ec
mem_jmeter_1224,jmeter1224@loadtest.com,test123,62dc6f51-f411-422c-9b85-0d640883127f
mem_jmeter_1225,jmeter1225@loadtest.com,test123,27e3e5dc-bce5-4b41-9850-9a94b075ef9a
mem_jmeter_1226,jmeter1226@loadtest.com,test123,456e6ddf-54c7-4f6d-9d2d-d9ade2b65104
mem_jmeter_1227,jmeter1227@loadtest.com,test123,508dedd2-6c65-4795-b067-560bc6111640
mem_jmeter_1228,jmeter1228@loadtest.com,test123,e030f927-d16f-49d4-a4ef-8d55d72c9416
mem_jmeter_1229,jmeter1229@loadtest.com,test123,3115b864-f34d-4f4b-bd6c-42be3e7fd36d
mem_jmeter_1230,jmeter1230@loadtest.com,test123,bd8425f8-48f8-43bb-8dcf-ae41fe030ad7
mem_jmeter_1231,jmeter1231@loadtest.com,test123,15339e91-2f2f-42f5-829f-b5b90ebfa759
mem_jmeter_1232,jmeter1232@loadtest.com,test123,93e73c3f-1afc-44ed-bc58-3c7bf23e167e
mem_jmeter_1233,jmeter1233@loadtest.com,test123,6700cc60-0411-4ea4-80e9-11900fc964ff
mem_jmeter_1234,jmeter1234@loadtest.com,test123,4a985d8f-016b-4e32-a8e1-fbf0a0fa3140
mem_jmeter_1235,jmeter1235@loadtest.com,test123,c4d91021-c383-4a33-9fc7-ab4e4b0ce77d
mem_jmeter_1236,jmeter1236@loadtest.com,test123,15be0bc3-448d-4cbe-8982-503a49367f44
mem_jmeter_1237,jmeter1237@loadtest.com,test123,5a24c7c1-1214-4e3b-a4cd-8f9e6b826f00
mem_jmeter_1238,jmeter1238@loadtest.com,test123,c0a61320-b52b-4e5e-9173-c4306d0256f1
mem_jmeter_1239,jmeter1239@loadtest.com,test123,97f007a6-8256-4e40-87a1-78817e1b816c
mem_jmeter_1240,jmeter1240@loadtest.com,test123,e9f185bd-ccae-4906-857c-e47369345bee
mem_jmeter_1241,jmeter1241@loadtest.com,test123,3a3ef827-a87c-41e7-809c-22bee279a4cf
mem_jmeter_1242,jmeter1242@loadtest.com,test123,ba235bbb-986e-4062-97d0-3057c1673432
mem_jmeter_1243,jmeter1243@loadtest.com,test123,c6e1f464-e544-4517-97a6-19c7a45bb8d4
mem_jmeter_1244,jmeter1244@loadtest.com,test123,8852b60a-ff15-4e9c-81e7-2edd6454b17c
mem_jmeter_1245,jmeter1245@loadtest.com,test123,0f73baa3-b459-4e37-8125-b96e7c1b1440
mem_jmeter_1246,jmeter1246@loadtest.com,test123,cc04d2aa-a8d9-4256-b535-2e7ac10094de
mem_jmeter_1247,jmeter1247@loadtest.com,test123,f00ae02d-b3dc-485d-9ef1-2c79127f5ddd
mem_jmeter_1248,jmeter1248@loadtest.com,test123,d0bffa43-a268-4412-aeb9-d278aa1d392b
mem_jmeter_1249,jmeter1249@loadtest.com,test123,a6daaed8-d63e-4c3e-8f3e-32d9f27dc8e9
mem_jmeter_1250,jmeter1250@loadtest.com,test123,98d67dcf-7ecd-4854-ac38-a2ed3f3adee8
mem_jmeter_1251,jmeter1251@loadtest.com,test123,0c06877f-3db0-43ef-8709-5b8fe9ea234a
mem_jmeter_1252,jmeter1252@loadtest.com,test123,1c62601f-b296-44ee-9afb-686bb44d3746
mem_jmeter_1253,jmeter1253@loadtest.com,test123,c7bff718-685b-4d40-9461-c02c5688c408
mem_jmeter_1254,jmeter1254@loadtest.com,test123,fd6ad10a-d7e2-44e8-806f-86021bb22a2c
mem_jmeter_1255,jmeter1255@loadtest.com,test123,601a3bca-389c-4420-a33b-11352086b77f
mem_jmeter_1256,jmeter1256@loadtest.com,test123,4a0f7dec-ebad-454f-aaf5-1bdc88184a38
mem_jmeter_1257,jmeter1257@loadtest.com,test123,b990ac1d-fc55-4ff4-9172-de00689279d4
mem_jmeter_1258,jmeter1258@loadtest.com,test123,d7656b72-346f-460f-8c8a-1174871855a2
mem_jmeter_1259,jmeter1259@loadtest.com,test123,627bb0ee-7021-4ee0-a045-c2e25de970c0
mem_jmeter_1260,jmeter1260@loadtest.com,test123,634c81b5-ddb5-4200-8c17-d48a2a72bb70
mem_jmeter_1261,jmeter1261@loadtest.com,test123,a94943e3-538e-48d6-a21b-942cdd20846e
mem_jmeter_1262,jmeter1262@loadtest.com,test123,4e667765-5220-4bc4-a90d-2173db4ca9a9
mem_jmeter_1263,jmeter1263@loadtest.com,test123,ca2c3123-c452-44ca-b3f8-4379d156e146
mem_jmeter_1264,jmeter1264@loadtest.com,test123,fc7dbc0b-0c17-4131-a006-dc57fed8bd13
mem_jmeter_1265,jmeter1265@loadtest.com,test123,e5492bcc-9fdd-4d6f-8733-11e6c4fc9ea8
mem_jmeter_1266,jmeter1266@loadtest.com,test123,436bac4f-9d75-4b97-a3b6-df930bc0275c
mem_jmeter_1267,jmeter1267@loadtest.com,test123,c1cbb903-4cfa-4807-926b-060ea43b49a7
mem_jmeter_1268,jmeter1268@loadtest.com,test123,95f73fb7-e2e6-47b4-bbb8-52d5e81754da
mem_jmeter_1269,jmeter1269@loadtest.com,test123,1d131a38-b766-44f2-9b10-9648883b5efa
mem_jmeter_1270,jmeter1270@loadtest.com,test123,9d82d720-a785-43d0-8dff-c5cb9104dc7f
mem_jmeter_1271,jmeter1271@loadtest.com,test123,631cc88f-ccd2-4c36-a605-d30eb23c515c
mem_jmeter_1272,jmeter1272@loadtest.com,test123,6dd30eff-d058-40ab-b184-1d9fa74eeb9b
mem_jmeter_1273,jmeter1273@loadtest.com,test123,a340d226-06d0-450d-b32f-9cc5191ad70e
mem_jmeter_1274,jmeter1274@loadtest.com,test123,3307e628-2c19-47cc-a595-9466c2bea94a
mem_jmeter_1275,jmeter1275@loadtest.com,test123,8f78cc27-aadc-45be-a5d5-f64aa93b4071
mem_jmeter_1276,jmeter1276@loadtest.com,test123,631d93fe-b090-4b01-bff2-4823fd5982e3
mem_jmeter_1277,jmeter1277@loadtest.com,test123,de254b5c-8efa-429c-9e67-1e04aa7297ba
mem_jmeter_1278,jmeter1278@loadtest.com,test123,2a0058ef-28d2-404e-800e-3ee2fe1386a8
mem_jmeter_1279,jmeter1279@loadtest.com,test123,2d549510-efaf-49f0-97aa-aa5317ba5dff
mem_jmeter_1280,jmeter1280@loadtest.com,test123,7a54fcb7-041b-4625-8b85-db919d99bb72
mem_jmeter_1281,jmeter1281@loadtest.com,test123,81766bf3-521f-483d-9951-f5919916c445
mem_jmeter_1282,jmeter1282@loadtest.com,test123,b06c11a9-dbdb-4322-b63d-2da8dac91ddc
mem_jmeter_1283,jmeter1283@loadtest.com,test123,08d20365-d446-4bba-87dd-65a0578365dc
mem_jmeter_1284,jmeter1284@loadtest.com,test123,fbd76332-17ae-4c25-894f-75ee65121c56
mem_jmeter_1285,jmeter1285@loadtest.com,test123,9840a1c7-ab9a-48b7-b80c-50a38a55b63d
mem_jmeter_1286,jmeter1286@loadtest.com,test123,4f9b15af-27ea-4598-847b-119e54d77dc5
mem_jmeter_1287,jmeter1287@loadtest.com,test123,e06c2603-edae-4337-b248-36d2d0482458
mem_jmeter_1288,jmeter1288@loadtest.com,test123,92474f91-0e67-4633-827f-b7501d186249
mem_jmeter_1289,jmeter1289@loadtest.com,test123,09868b92-3913-4513-b993-caece76bce8a
mem_jmeter_1290,jmeter1290@loadtest.com,test123,b36f1943-be8d-486a-bd3a-b1d241f46236
mem_jmeter_1291,jmeter1291@loadtest.com,test123,db74edf2-5331-4209-9f60-cb02a1f402f9
mem_jmeter_1292,jmeter1292@loadtest.com,test123,ed9db319-6889-46af-98de-8aab5f6e1344
mem_jmeter_1293,jmeter1293@loadtest.com,test123,43e810f2-4e0d-4f07-b611-c8071a629dc3
mem_jmeter_1294,jmeter1294@loadtest.com,test123,2dc55e47-fee7-43ba-a2c1-aa1d8b5f9f07
mem_jmeter_1295,jmeter1295@loadtest.com,test123,454424f2-7762-4fbc-9982-0b5016aee3a4
mem_jmeter_1296,jmeter1296@loadtest.com,test123,44fc8e33-74e0-4225-9d17-1c029532e240
mem_jmeter_1297,jmeter1297@loadtest.com,test123,d2f1e9e8-2546-4123-908f-fb227bd09717
mem_jmeter_1298,jmeter1298@loadtest.com,test123,3e2e32b9-21fe-48da-a422-9dd6af830a84
mem_jmeter_1299,jmeter1299@loadtest.com,test123,10a5915e-1ec0-4e81-b720-3f303e4d7107
mem_jmeter_1300,jmeter1300@loadtest.com,test123,975b11c7-e757-40fc-87fc-72b44b375127
mem_jmeter_1301,jmeter1301@loadtest.com,test123,d8775a1f-0fa3-4ccd-91e9-a8b0f7a92157
mem_jmeter_1302,jmeter1302@loadtest.com,test123,1cde0fc6-8175-4e11-af15-eb42fa1c830b
mem_jmeter_1303,jmeter1303@loadtest.com,test123,c7026d14-8d04-456d-b358-fe388904c937
mem_jmeter_1304,jmeter1304@loadtest.com,test123,05b6e008-1932-4930-af8d-bd5c4acfa237
mem_jmeter_1305,jmeter1305@loadtest.com,test123,f28ba921-bdae-48f2-820b-62fe3d8ac690
mem_jmeter_1306,jmeter1306@loadtest.com,test123,7391d1a0-83a5-453d-a099-0d1a02113d18
mem_jmeter_1307,jmeter1307@loadtest.com,test123,15c3601a-9709-4832-8849-0a45b2567569
mem_jmeter_1308,jmeter1308@loadtest.com,test123,cef00f53-69dd-4643-b48a-2ac0bf760928
mem_jmeter_1309,jmeter1309@loadtest.com,test123,a4ddb4b9-8929-43cb-9b1f-fec12a77fce8
mem_jmeter_1310,jmeter1310@loadtest.com,test123,b50b780f-825b-42a8-81fe-652b38bd9d95
mem_jmeter_1311,jmeter1311@loadtest.com,test123,5581a165-a405-4043-b096-2fdc10bc67ab
mem_jmeter_1312,jmeter1312@loadtest.com,test123,87967dd4-a392-49d9-bab9-18fa70e148e1
mem_jmeter_1313,jmeter1313@loadtest.com,test123,947ba4ee-f8b3-492a-998d-15e07414f38c
mem_jmeter_1314,jmeter1314@loadtest.com,test123,0f7f4b1c-2640-4edd-ab24-162f2cff7344
mem_jmeter_1315,jmeter1315@loadtest.com,test123,135b8fb7-a7ce-46b8-a058-4843c3cdb27c
mem_jmeter_1316,jmeter1316@loadtest.com,test123,c943f917-dbb8-467d-bf20-976401b020b0
mem_jmeter_1317,jmeter1317@loadtest.com,test123,918b523e-6dfc-454b-b9e4-3c62c35507db
mem_jmeter_1318,jmeter1318@loadtest.com,test123,7eb1348f-87fe-48a7-a280-b800e9cfd593
mem_jmeter_1319,jmeter1319@loadtest.com,test123,a69b6761-e8b3-4331-b386-ede32bfcbb4a
mem_jmeter_1320,jmeter1320@loadtest.com,test123,4be5808e-3382-4a50-9481-444db85e5bc3
mem_jmeter_1321,jmeter1321@loadtest.com,test123,ed980a46-892e-4b71-92c9-21ce9b24f0ea
mem_jmeter_1322,jmeter1322@loadtest.com,test123,60f0be47-d483-4a4c-bc1e-ac0325ca6805
mem_jmeter_1323,jmeter1323@loadtest.com,test123,f402f734-6645-4a95-befa-9090f955ffee
mem_jmeter_1324,jmeter1324@loadtest.com,test123,95d77b77-4e48-41b6-868b-9dd26b2f8248
mem_jmeter_1325,jmeter1325@loadtest.com,test123,baa28bfd-d4e3-470e-8dc6-b93853913e31
mem_jmeter_1326,jmeter1326@loadtest.com,test123,f80be148-340c-485f-8724-911cc0d6550d
mem_jmeter_1327,jmeter1327@loadtest.com,test123,01c8516c-591e-45cf-a56a-c6007a94a9ba
mem_jmeter_1328,jmeter1328@loadtest.com,test123,9f1fa9ac-68f9-441a-87b6-b1ba8d8f4bbd
mem_jmeter_1329,jmeter1329@loadtest.com,test123,430fc3eb-515d-4a1a-bddc-74352d676b70
mem_jmeter_1330,jmeter1330@loadtest.com,test123,2af03dc1-049a-48a3-afc3-cd416c1dbd09
mem_jmeter_1331,jmeter1331@loadtest.com,test123,c038ebb1-9552-4312-8845-e7289df2bae0
mem_jmeter_1332,jmeter1332@loadtest.com,test123,1d0a12a4-e036-4d73-a5e5-bd2f5bb85253
mem_jmeter_1333,jmeter1333@loadtest.com,test123,ae828a8f-805f-4d7e-9f99-97a331769ea9
mem_jmeter_1334,jmeter1334@loadtest.com,test123,23327334-b98f-41db-bad7-e5985b9afcc4
mem_jmeter_1335,jmeter1335@loadtest.com,test123,80085e54-bdab-44c2-9180-88de67c696ba
mem_jmeter_1336,jmeter1336@loadtest.com,test123,fb3c8ff7-58cb-436e-a1e0-48f6ba1f9569
mem_jmeter_1337,jmeter1337@loadtest.com,test123,1241d1fc-0986-48b7-af3c-03e7c2727e66
mem_jmeter_1338,jmeter1338@loadtest.com,test123,5c56b70e-cc48-4836-9a63-481c2778317e
mem_jmeter_1339,jmeter1339@loadtest.com,test123,37a847b7-e07b-4119-83db-a41692560766
mem_jmeter_1340,jmeter1340@loadtest.com,test123,3ce7d6a0-eef6-47ab-916f-25a8fd351a01
mem_jmeter_1341,jmeter1341@loadtest.com,test123,fcc10669-fe27-4720-91ec-035682216c66
mem_jmeter_1342,jmeter1342@loadtest.com,test123,87cb9e76-bb9f-4ae1-93ed-12790773051b
mem_jmeter_1343,jmeter1343@loadtest.com,test123,55d9be64-0b2e-4e78-92d1-eb73a2f3ad0d
mem_jmeter_1344,jmeter1344@loadtest.com,test123,af7c7b33-1fab-4bd0-8394-155c02d61641
mem_jmeter_1345,jmeter1345@loadtest.com,test123,66945470-3da6-4b46-a6a8-767d3dbc0305
mem_jmeter_1346,jmeter1346@loadtest.com,test123,b2838fa1-624f-4c63-8206-1ab1b076eaa7
mem_jmeter_1347,jmeter1347@loadtest.com,test123,ab41ab27-0731-4598-bbb1-798876e497fe
mem_jmeter_1348,jmeter1348@loadtest.com,test123,58fbc8a3-3f6a-4307-8bb3-44dd5d5da6f3
mem_jmeter_1349,jmeter1349@loadtest.com,test123,76b6e6d4-d3ca-4934-a945-d6df24ea6d44
mem_jmeter_1350,jmeter1350@loadtest.com,test123,a007700a-d005-46f5-83fb-a44c92320c3e
mem_jmeter_1351,jmeter1351@loadtest.com,test123,fe590170-4cce-4a39-aa0d-e253b812363b
mem_jmeter_1352,jmeter1352@loadtest.com,test123,bf98cfa7-faa1-4e08-ab43-fda4262f6d4a
mem_jmeter_1353,jmeter1353@loadtest.com,test123,b39200b0-0145-4342-9859-b3ed401977e2
mem_jmeter_1354,jmeter1354@loadtest.com,test123,ac4d0502-6b8b-45c0-9084-0a5e4e4d1f35
mem_jmeter_1355,jmeter1355@loadtest.com,test123,b30d1cf4-48ad-4b2c-928a-040c17ce45b9
mem_jmeter_1356,jmeter1356@loadtest.com,test123,b65343ff-6045-4f1e-932b-f8dd02971f88
mem_jmeter_1357,jmeter1357@loadtest.com,test123,353ab43a-fd3d-45e4-88ef-ff7950bce3a4
mem_jmeter_1358,jmeter1358@loadtest.com,test123,4f05a679-f98f-46f7-8036-8ac4af3aac10
mem_jmeter_1359,jmeter1359@loadtest.com,test123,4c749c48-0ede-46c5-9b01-bb8b8e9ca6ff
mem_jmeter_1360,jmeter1360@loadtest.com,test123,cab23480-2701-4bf6-9775-c1b1ff968fe7
mem_jmeter_1361,jmeter1361@loadtest.com,test123,0eea0470-a32e-4fbb-9b34-e2851f14a427
mem_jmeter_1362,jmeter1362@loadtest.com,test123,83bfa05a-5d52-40ce-8b6d-06e93d3b632b
mem_jmeter_1363,jmeter1363@loadtest.com,test123,1ac4ef95-8f8b-4366-8f26-9956f47efb57
mem_jmeter_1364,jmeter1364@loadtest.com,test123,b8cd4134-01f9-4c76-a370-3aa40f239710
mem_jmeter_1365,jmeter1365@loadtest.com,test123,d118d34a-eb4c-43cd-888d-aa6052ab6721
mem_jmeter_1366,jmeter1366@loadtest.com,test123,ef973f8c-878e-40a5-88cb-1f4d2b9b9cb6
mem_jmeter_1367,jmeter1367@loadtest.com,test123,19e1e101-908b-4b3c-b6db-ab4ac3e476aa
mem_jmeter_1368,jmeter1368@loadtest.com,test123,fe0a3e82-2939-48e9-9254-e48478dadfe0
mem_jmeter_1369,jmeter1369@loadtest.com,test123,ff9f10d6-75e2-4120-9cfd-bd6366f2f55c
mem_jmeter_1370,jmeter1370@loadtest.com,test123,e7ab4cf5-efd6-4170-b595-fb196f364c34
mem_jmeter_1371,jmeter1371@loadtest.com,test123,2157f572-4f8b-4a19-b82c-5fec6b1d2dfb
mem_jmeter_1372,jmeter1372@loadtest.com,test123,a0be70da-c703-411f-bfc4-13127575b92b
mem_jmeter_1373,jmeter1373@loadtest.com,test123,7ac467db-b99e-4446-9024-3e6641d5ff87
mem_jmeter_1374,jmeter1374@loadtest.com,test123,39c0b830-8bf9-4d4e-80b2-eb1715e90f89
mem_jmeter_1375,jmeter1375@loadtest.com,test123,f47691ce-919a-441f-9e78-c35fa81ea18c
mem_jmeter_1376,jmeter1376@loadtest.com,test123,faba6f44-8cac-477b-ac5c-03087afcb07d
mem_jmeter_1377,jmeter1377@loadtest.com,test123,41452299-2266-44c5-8b4e-60d409906f77
mem_jmeter_1378,jmeter1378@loadtest.com,test123,9cfec5af-5749-414f-9f07-50f6728eb271
mem_jmeter_1379,jmeter1379@loadtest.com,test123,05725fc0-b1cb-459c-8da6-a1f98cfaa2be
mem_jmeter_1380,jmeter1380@loadtest.com,test123,1282bba4-7f84-43b5-90f4-7ace2004f158
mem_jmeter_1381,jmeter1381@loadtest.com,test123,96efec76-bc0a-4a85-8af3-66d819fd1079
mem_jmeter_1382,jmeter1382@loadtest.com,test123,4921c3b3-25d6-4f72-87a2-5a78fee58ae4
mem_jmeter_1383,jmeter1383@loadtest.com,test123,993c484d-8e9b-4aba-a96e-cd6100587271
mem_jmeter_1384,jmeter1384@loadtest.com,test123,70e0fc06-116a-49ad-ab4b-e0ed0452e04d
mem_jmeter_1385,jmeter1385@loadtest.com,test123,a369a26f-12d3-4875-b0cd-402f1d3764cc
mem_jmeter_1386,jmeter1386@loadtest.com,test123,3496e3e7-8414-4f52-80d4-93324fc25267
mem_jmeter_1387,jmeter1387@loadtest.com,test123,95066d72-e154-4ecb-a83a-3cfed7f15da6
mem_jmeter_1388,jmeter1388@loadtest.com,test123,683315d8-d8fe-422d-9e76-a8e99a6de7f2
mem_jmeter_1389,jmeter1389@loadtest.com,test123,8b057590-ff86-4cc8-a62b-5d25ea0baa94
mem_jmeter_1390,jmeter1390@loadtest.com,test123,3015ff46-afea-4474-b104-1cddca736b2a
mem_jmeter_1391,jmeter1391@loadtest.com,test123,324777e0-c19f-40e8-8798-15cc41eff0ca
mem_jmeter_1392,jmeter1392@loadtest.com,test123,59858c76-d8f7-413b-9ab3-da5b4dc02b2c
mem_jmeter_1393,jmeter1393@loadtest.com,test123,0dcb9b7f-02f9-4a6a-9ad5-b5cefcb5fdb2
mem_jmeter_1394,jmeter1394@loadtest.com,test123,b32409d1-5e19-416e-9c71-40a62fcf34f3
mem_jmeter_1395,jmeter1395@loadtest.com,test123,601396b5-ee96-4bf1-8a51-81f5e5d8c172
mem_jmeter_1396,jmeter1396@loadtest.com,test123,4a342acc-b1b5-4362-91ad-9dbba1e99ad9
mem_jmeter_1397,jmeter1397@loadtest.com,test123,e4296ad8-c00b-48b8-aff3-14922cdd6ce3
mem_jmeter_1398,jmeter1398@loadtest.com,test123,b4805b5b-6b91-4ecc-ae2b-11eed7a905eb
mem_jmeter_1399,jmeter1399@loadtest.com,test123,c4d8a7fb-b95d-4e23-a5c2-09e09fa3854a
mem_jmeter_1400,jmeter1400@loadtest.com,test123,2af2c337-e800-4776-beae-bc10d05b582a
mem_jmeter_1401,jmeter1401@loadtest.com,test123,1f2086bf-2ff5-4fa2-a5c5-0083df074b1e
mem_jmeter_1402,jmeter1402@loadtest.com,test123,3a43f6e3-d770-44d0-acb4-36801049b55b
mem_jmeter_1403,jmeter1403@loadtest.com,test123,7b9f3404-68f5-4710-b562-9a681d9e8f6a
mem_jmeter_1404,jmeter1404@loadtest.com,test123,20e45013-1494-47d7-85c2-a856391cfc6a
mem_jmeter_1405,jmeter1405@loadtest.com,test123,ab13b02a-a116-48c0-a011-b9fe3a29ce86
mem_jmeter_1406,jmeter1406@loadtest.com,test123,39fa9f34-113c-4750-a9c7-fd0b47b23fe3
mem_jmeter_1407,jmeter1407@loadtest.com,test123,709406f8-4966-4dc5-b067-df6a2a936f6d
mem_jmeter_1408,jmeter1408@loadtest.com,test123,5a91e672-7b1a-4d67-953a-b1b992519185
mem_jmeter_1409,jmeter1409@loadtest.com,test123,bfa2faa8-1191-4252-bf66-f6a807196c5d
mem_jmeter_1410,jmeter1410@loadtest.com,test123,bb1ca739-0229-4d36-944e-382277dfda5f
mem_jmeter_1411,jmeter1411@loadtest.com,test123,30ff7db3-4369-4c0a-84b1-206a3b9e2922
mem_jmeter_1412,jmeter1412@loadtest.com,test123,2a84007e-fa7a-414b-a65b-3034435968e2
mem_jmeter_1413,jmeter1413@loadtest.com,test123,501f382f-99fe-4d3d-8652-3ca33019a9dc
mem_jmeter_1414,jmeter1414@loadtest.com,test123,f7ef958b-84ef-41bb-a219-c96b5462660f
mem_jmeter_1415,jmeter1415@loadtest.com,test123,4a61313a-2bf9-4b88-b812-7b7f4d8d3b26
mem_jmeter_1416,jmeter1416@loadtest.com,test123,c14bf8a9-ee53-4a89-be1d-48806eb74c97
mem_jmeter_1417,jmeter1417@loadtest.com,test123,d6a7c2e1-c7c6-49df-8b40-48340906bebe
mem_jmeter_1418,jmeter1418@loadtest.com,test123,ec4a20f7-a22d-4388-9915-c1fa1cb31918
mem_jmeter_1419,jmeter1419@loadtest.com,test123,57099714-a5cd-4f30-94ed-85339031e70f
mem_jmeter_1420,jmeter1420@loadtest.com,test123,9ec35498-29c1-4b52-b24e-182eb8500a8f
mem_jmeter_1421,jmeter1421@loadtest.com,test123,ba8be23d-4d51-476c-b3e1-1ff5fab67f48
mem_jmeter_1422,jmeter1422@loadtest.com,test123,b40a9bb4-cdfe-49da-b208-a89802ddf925
mem_jmeter_1423,jmeter1423@loadtest.com,test123,da24a447-3ad2-4b8d-8a0c-c2b00486e719
mem_jmeter_1424,jmeter1424@loadtest.com,test123,3bd0f87e-2ca6-4152-8aa9-5e11320d0019
mem_jmeter_1425,jmeter1425@loadtest.com,test123,1e8d3fe7-6283-4ba1-b7f8-b9a9c9635f1b
mem_jmeter_1426,jmeter1426@loadtest.com,test123,ffcaa182-05ef-47c7-8a6e-aa1989774e31
mem_jmeter_1427,jmeter1427@loadtest.com,test123,fdeb956b-a873-4db5-9ab8-f7f3ce8093ba
mem_jmeter_1428,jmeter1428@loadtest.com,test123,a93d14b8-aa4b-4934-92e2-40973466e5b0
mem_jmeter_1429,jmeter1429@loadtest.com,test123,04f5cfd8-aad5-4e13-9726-429bfa0323c7
mem_jmeter_1430,jmeter1430@loadtest.com,test123,4d7f3f8c-56cf-4abb-aeba-c88a0f2d5aa6
mem_jmeter_1431,jmeter1431@loadtest.com,test123,996abd62-5c68-4220-a6c5-7cb1f46414ed
mem_jmeter_1432,jmeter1432@loadtest.com,test123,2ee9ed61-9ab1-40a7-98dd-2c4b7798c007
mem_jmeter_1433,jmeter1433@loadtest.com,test123,424554a0-6ded-4fa8-91d6-e051191860df
mem_jmeter_1434,jmeter1434@loadtest.com,test123,deb36424-565e-411f-99fb-25e4d0b38e38
mem_jmeter_1435,jmeter1435@loadtest.com,test123,bd589bf3-61ca-4dda-b3f0-06b5e2bb0006
mem_jmeter_1436,jmeter1436@loadtest.com,test123,a212cb46-f82f-48cb-ac44-63e3f1606acf
mem_jmeter_1437,jmeter1437@loadtest.com,test123,95d5e9aa-816f-45c2-af30-88bfb20045ea
mem_jmeter_1438,jmeter1438@loadtest.com,test123,ebe61510-75f5-4e4c-a2fc-b7aec35b32b6
mem_jmeter_1439,jmeter1439@loadtest.com,test123,57324fcb-b6b5-4b0c-aa21-8415f7061de7
mem_jmeter_1440,jmeter1440@loadtest.com,test123,ed5fd9bc-d9ad-4cfd-a6f0-00c48b33444d
mem_jmeter_1441,jmeter1441@loadtest.com,test123,5c22d134-6c14-41b7-a59c-b4729add2237
mem_jmeter_1442,jmeter1442@loadtest.com,test123,25ca4160-6c3f-4318-b54f-d2a02ac026c9
mem_jmeter_1443,jmeter1443@loadtest.com,test123,e18039c1-8d98-4be0-b008-e64b29f53586
mem_jmeter_1444,jmeter1444@loadtest.com,test123,2c885ed7-6ee9-4401-9584-240c39b5b2dc
mem_jmeter_1445,jmeter1445@loadtest.com,test123,5960064e-5b0f-46f9-84f2-db96c7980b28
mem_jmeter_1446,jmeter1446@loadtest.com,test123,796d831f-88a1-4481-9914-6f5543ab54d7
mem_jmeter_1447,jmeter1447@loadtest.com,test123,9aecfda5-5166-4ae6-82e6-3d5726f6b1da
mem_jmeter_1448,jmeter1448@loadtest.com,test123,592b9ec2-8a63-4e1d-a9f4-a2484c64f269
mem_jmeter_1449,jmeter1449@loadtest.com,test123,e435b172-3608-4d2c-b7f1-605394c46f34
mem_jmeter_1450,jmeter1450@loadtest.com,test123,6ab596b1-592b-40df-ae9d-040f99edbfbf
mem_jmeter_1451,jmeter1451@loadtest.com,test123,fc7c2dde-d338-4e91-9bc5-a2d87e436338
mem_jmeter_1452,jmeter1452@loadtest.com,test123,02b676c3-0ddd-4a06-abb0-d48784912239
mem_jmeter_1453,jmeter1453@loadtest.com,test123,e240ef89-2339-4ccc-b4ef-e1ed9f6dcc49
mem_jmeter_1454,jmeter1454@loadtest.com,test123,41d3b98a-18ea-4b8a-a3f1-31740c4b32eb
mem_jmeter_1455,jmeter1455@loadtest.com,test123,7c717d33-fff4-4a7e-a852-df06bc3fd2cc
mem_jmeter_1456,jmeter1456@loadtest.com,test123,153dbfda-ff24-4f5c-bef3-fe0c5d4e09d4
mem_jmeter_1457,jmeter1457@loadtest.com,test123,7e755ce9-8fbf-4689-9182-9ac88ac9f1ab
mem_jmeter_1458,jmeter1458@loadtest.com,test123,b54ec32b-795f-42dc-b4db-cd3613cf2a7c
mem_jmeter_1459,jmeter1459@loadtest.com,test123,8392825c-7a15-4030-8780-6f273a6d6c91
mem_jmeter_1460,jmeter1460@loadtest.com,test123,35104d96-5f0a-40ff-b482-45d85eebfa55
mem_jmeter_1461,jmeter1461@loadtest.com,test123,688ebfe9-5d68-453f-96f6-518b1f650017
mem_jmeter_1462,jmeter1462@loadtest.com,test123,0d840ccd-c408-402d-acd6-ec6a889ac9f1
mem_jmeter_1463,jmeter1463@loadtest.com,test123,5ea6767a-9b79-407f-af7d-563f55994e74
mem_jmeter_1464,jmeter1464@loadtest.com,test123,8c311222-e489-42a5-8551-d25c83ce3f31
mem_jmeter_1465,jmeter1465@loadtest.com,test123,d97a09d1-31a8-4319-a643-632636d88cde
mem_jmeter_1466,jmeter1466@loadtest.com,test123,6a038a99-a1f5-41bf-9e69-c7cf19195ab8
mem_jmeter_1467,jmeter1467@loadtest.com,test123,c2754926-0629-4d54-89ef-a9d208b5d4e1
mem_jmeter_1468,jmeter1468@loadtest.com,test123,6b469f2a-846d-4791-aa42-1de5b8b18613
mem_jmeter_1469,jmeter1469@loadtest.com,test123,518b1c83-5c8b-426a-902d-03910e542132
mem_jmeter_1470,jmeter1470@loadtest.com,test123,afcd922a-3bdf-4225-8d29-9458a2525f95
mem_jmeter_1471,jmeter1471@loadtest.com,test123,a798c2df-4394-4a34-9327-5ae6cf9cad55
mem_jmeter_1472,jmeter1472@loadtest.com,test123,4893a63a-322e-4c61-b08d-d4634827a53b
mem_jmeter_1473,jmeter1473@loadtest.com,test123,a0622515-2a72-4886-ac8f-9c8b5668c866
mem_jmeter_1474,jmeter1474@loadtest.com,test123,27841bb4-5dae-4b17-85a9-3db3fae08316
mem_jmeter_1475,jmeter1475@loadtest.com,test123,27f9b886-dbd5-4b0a-84dc-828bc6374c31
mem_jmeter_1476,jmeter1476@loadtest.com,test123,f428ab58-41cb-491d-a04d-df9720786d2f
mem_jmeter_1477,jmeter1477@loadtest.com,test123,1fdbf9a7-9bed-4a90-923e-cbc544d78317
mem_jmeter_1478,jmeter1478@loadtest.com,test123,deb36018-022f-4254-a301-300aa736d0cd
mem_jmeter_1479,jmeter1479@loadtest.com,test123,d3124097-a04a-4151-a401-14f09bd6566f
mem_jmeter_1480,jmeter1480@loadtest.com,test123,87ee6ad9-c984-406f-9c03-b7084cd80140
mem_jmeter_1481,jmeter1481@loadtest.com,test123,68a171f4-9ee3-4be7-9ce0-5b9945e1b2df
mem_jmeter_1482,jmeter1482@loadtest.com,test123,93211232-b1f8-489d-837d-fba0fd18d400
mem_jmeter_1483,jmeter1483@loadtest.com,test123,36de8998-bfb9-4272-8701-6018b183d806
mem_jmeter_1484,jmeter1484@loadtest.com,test123,637a5687-8d52-4f97-93e7-41f0b3cbf156
mem_jmeter_1485,jmeter1485@loadtest.com,test123,e79a3c15-b3f2-483a-b5db-cee583af385c
mem_jmeter_1486,jmeter1486@loadtest.com,test123,85d47606-7f1a-4687-9494-258b8c89b3d8
mem_jmeter_1487,jmeter1487@loadtest.com,test123,14e23ad3-356a-4183-b2e2-6e07be11c2cc
mem_jmeter_1488,jmeter1488@loadtest.com,test123,29f59785-40ce-4605-a978-63115018a04d
mem_jmeter_1489,jmeter1489@loadtest.com,test123,530f1e6b-1a0a-407e-a361-fe5024d005eb
mem_jmeter_1490,jmeter1490@loadtest.com,test123,57573af8-1433-4132-8a1b-022bf08550cd
mem_jmeter_1491,jmeter1491@loadtest.com,test123,9bca4def-4bad-443f-aae5-a45a1fea7bb9
mem_jmeter_1492,jmeter1492@loadtest.com,test123,a4a0a6f1-ba3a-409d-be2a-8ecf96fb165a
mem_jmeter_1493,jmeter1493@loadtest.com,test123,453ee77f-e4f5-4059-af3b-7dfa06b3b858
mem_jmeter_1494,jmeter1494@loadtest.com,test123,e752e0d0-3894-4b9c-a77f-29070bfff0f2
mem_jmeter_1495,jmeter1495@loadtest.com,test123,a35130b9-2a5f-4961-9932-0fcf22fa82e0
mem_jmeter_1496,jmeter1496@loadtest.com,test123,2f66381c-06d4-4fbf-b7c9-5afd0742deea
mem_jmeter_1497,jmeter1497@loadtest.com,test123,ea6dbb1a-6e75-420f-ab9b-b157bba40982
mem_jmeter_1498,jmeter1498@loadtest.com,test123,c2102169-7b40-426d-b45e-38edd04f32e3
mem_jmeter_1499,jmeter1499@loadtest.com,test123,d1af5813-31da-477a-aafa-41ace0a888b9
mem_jmeter_1500,jmeter1500@loadtest.com,test123,41748abe-d842-44c9-964c-1514a9ff78c4
mem_jmeter_1501,jmeter1501@loadtest.com,test123,4a0905f3-f4b7-431f-a368-b7377e1a0b62
mem_jmeter_1502,jmeter1502@loadtest.com,test123,293a58c0-fad3-4774-8a9b-b4109ffd751a
mem_jmeter_1503,jmeter1503@loadtest.com,test123,ab1dfdb3-ac86-4784-91dd-6913d80b1f0a
mem_jmeter_1504,jmeter1504@loadtest.com,test123,f61a8e62-9150-466b-b88d-de33abd32573
mem_jmeter_1505,jmeter1505@loadtest.com,test123,3827d6b8-b1c6-4d67-83bb-8abe5cfed850
mem_jmeter_1506,jmeter1506@loadtest.com,test123,7cedfc4a-491c-4478-a3b0-afa43f124414
mem_jmeter_1507,jmeter1507@loadtest.com,test123,0af1145f-899f-41e7-8e32-82802d7b37e7
mem_jmeter_1508,jmeter1508@loadtest.com,test123,d2205dee-c7b5-4700-acc3-08e262017009
mem_jmeter_1509,jmeter1509@loadtest.com,test123,25ce72bb-ed6f-4797-b898-35fbb3642c33
mem_jmeter_1510,jmeter1510@loadtest.com,test123,e3251bed-f26b-4a4f-a277-3db21966bf26
mem_jmeter_1511,jmeter1511@loadtest.com,test123,533a772c-5f12-42ae-b88b-89cdab137454
mem_jmeter_1512,jmeter1512@loadtest.com,test123,4e0d9984-eac4-42b5-9605-1980cb690477
mem_jmeter_1513,jmeter1513@loadtest.com,test123,81c32e2d-c22e-45fa-8052-a6519750dcda
mem_jmeter_1514,jmeter1514@loadtest.com,test123,769698ba-f6b7-4d52-be29-f817dfce89a0
mem_jmeter_1515,jmeter1515@loadtest.com,test123,78a41c64-090a-4aa9-a8b7-c8f4a812cb03
mem_jmeter_1516,jmeter1516@loadtest.com,test123,597be564-c220-4563-b0db-6fd60e79538b
mem_jmeter_1517,jmeter1517@loadtest.com,test123,c7fcc272-d574-4597-9b94-fefa5e3721f0
mem_jmeter_1518,jmeter1518@loadtest.com,test123,19875f24-54da-478e-90ea-1c53103b5e0f
mem_jmeter_1519,jmeter1519@loadtest.com,test123,a372af40-4e1a-4cdc-add1-e9651fdf0fb8
mem_jmeter_1520,jmeter1520@loadtest.com,test123,17ce064a-b7f2-4010-afef-390a9938ed33
mem_jmeter_1521,jmeter1521@loadtest.com,test123,74a0f941-df1c-4257-9309-c2542be536f6
mem_jmeter_1522,jmeter1522@loadtest.com,test123,ee280b0c-8231-4b85-9c95-e2ce57495f65
mem_jmeter_1523,jmeter1523@loadtest.com,test123,92164d32-1c14-49b8-b4cc-eccf3c9bff2b
mem_jmeter_1524,jmeter1524@loadtest.com,test123,d50b456c-a751-4344-9015-1eac9e39bfea
mem_jmeter_1525,jmeter1525@loadtest.com,test123,4e0c952f-dad8-43c4-b49d-ac1595c5fb1d
mem_jmeter_1526,jmeter1526@loadtest.com,test123,b5bae588-1a6b-4021-8ff4-b9a20e4da992
mem_jmeter_1527,jmeter1527@loadtest.com,test123,2142f9a2-e52a-49ac-a45d-133a98f91691
mem_jmeter_1528,jmeter1528@loadtest.com,test123,c91cd80b-eeaf-4150-a805-3e5e9cc544b0
mem_jmeter_1529,jmeter1529@loadtest.com,test123,e39638a5-f114-4f57-a5e7-f39e9b9babc3
mem_jmeter_1530,jmeter1530@loadtest.com,test123,9fedbb7c-e8c3-4256-8134-0b2739aadf0e
mem_jmeter_1531,jmeter1531@loadtest.com,test123,17e239e3-c3fb-498e-b2ef-f53286281075
mem_jmeter_1532,jmeter1532@loadtest.com,test123,05418d4b-90af-4272-8d71-a2b620009916
mem_jmeter_1533,jmeter1533@loadtest.com,test123,d875b6f2-de9d-48a0-bbb6-e00e810c0bd2
mem_jmeter_1534,jmeter1534@loadtest.com,test123,fe8da282-e497-4e8a-b7c8-216e98ae0ca9
mem_jmeter_1535,jmeter1535@loadtest.com,test123,64ff605d-5f9d-4f04-8ebf-3c0e01df0128
mem_jmeter_1536,jmeter1536@loadtest.com,test123,89e8ad29-61e1-4f8d-b333-dafc3cd5728d
mem_jmeter_1537,jmeter1537@loadtest.com,test123,8d97d6b0-e382-424b-9a98-d5c1ab4bb5e4
mem_jmeter_1538,jmeter1538@loadtest.com,test123,93f792a8-9ee3-46bc-9f60-e99fd293b6f7
mem_jmeter_1539,jmeter1539@loadtest.com,test123,3318e8b8-65c8-4dcf-ab99-5087d00fcf7a
mem_jmeter_1540,jmeter1540@loadtest.com,test123,14453943-c3b7-488b-9448-e026f0d91e7d
mem_jmeter_1541,jmeter1541@loadtest.com,test123,0142ab17-9b17-4daf-8174-94cb3dcfab94
mem_jmeter_1542,jmeter1542@loadtest.com,test123,29650950-c2c1-4298-8eac-19d1167e5d30
mem_jmeter_1543,jmeter1543@loadtest.com,test123,5f239ff8-46d1-4bc6-a89f-e22e20df4404
mem_jmeter_1544,jmeter1544@loadtest.com,test123,085984e5-5e7d-49a9-9b74-ed5b8018cc10
mem_jmeter_1545,jmeter1545@loadtest.com,test123,b74f9e7b-e224-4a5f-9632-d6a0e6c2aaa1
mem_jmeter_1546,jmeter1546@loadtest.com,test123,3f8801c7-561a-4936-858d-9a4ae0a277cb
mem_jmeter_1547,jmeter1547@loadtest.com,test123,0d69ac0e-3136-44d9-988a-e4462295d86d
mem_jmeter_1548,jmeter1548@loadtest.com,test123,a98c1572-508e-44b8-bb59-1d1599e56cbb
mem_jmeter_1549,jmeter1549@loadtest.com,test123,1288b456-340c-4146-9881-e4707e8b296d
mem_jmeter_1550,jmeter1550@loadtest.com,test123,1709e6d0-4b5c-49b7-9539-cddb555ef92b
mem_jmeter_1551,jmeter1551@loadtest.com,test123,357c078a-8b7c-4a56-91cf-bb2319365777
mem_jmeter_1552,jmeter1552@loadtest.com,test123,5e59b30b-cdee-4500-89db-02aa92e21818
mem_jmeter_1553,jmeter1553@loadtest.com,test123,9a34c88f-6406-440d-bb11-9af961c9620d
mem_jmeter_1554,jmeter1554@loadtest.com,test123,4b65386d-d813-41d0-87a6-1182bc44b129
mem_jmeter_1555,jmeter1555@loadtest.com,test123,2816f05e-984b-411f-bff3-797bf9c46e5f
mem_jmeter_1556,jmeter1556@loadtest.com,test123,84eecb51-bdaa-4007-ab56-725352a3983c
mem_jmeter_1557,jmeter1557@loadtest.com,test123,c860d62f-f3dd-4e54-bdd3-516fa298adc0
mem_jmeter_1558,jmeter1558@loadtest.com,test123,13c4a61c-0b60-4a9c-b99a-fb5bbd176766
mem_jmeter_1559,jmeter1559@loadtest.com,test123,3be8220b-383a-470b-9362-7a10d9ea4e5f
mem_jmeter_1560,jmeter1560@loadtest.com,test123,61e24ddc-3ce7-4f44-b344-cf847d16ce00
mem_jmeter_1561,jmeter1561@loadtest.com,test123,87a5ef85-0092-4b56-a56f-43b48e2a31a5
mem_jmeter_1562,jmeter1562@loadtest.com,test123,406b3829-ffaf-4796-8f29-6745d1cf13ab
mem_jmeter_1563,jmeter1563@loadtest.com,test123,827c5b80-916f-43c5-ab9f-317800f04392
mem_jmeter_1564,jmeter1564@loadtest.com,test123,b361afe8-0142-4fa6-8052-0f719b5e2b01
mem_jmeter_1565,jmeter1565@loadtest.com,test123,e3a49f22-d18b-4943-8a32-d8a9f47a35bf
mem_jmeter_1566,jmeter1566@loadtest.com,test123,9736d165-70b3-4209-a398-bec0ab624ad6
mem_jmeter_1567,jmeter1567@loadtest.com,test123,408a4976-7cd8-40bf-8ede-522e24304d46
mem_jmeter_1568,jmeter1568@loadtest.com,test123,0dd7e30e-b32a-4bcc-ae02-fca05c9d9374
mem_jmeter_1569,jmeter1569@loadtest.com,test123,2fdad797-7ba3-49c7-9eb1-50fb00dabda4
mem_jmeter_1570,jmeter1570@loadtest.com,test123,5b40ec6a-ff6d-4416-a906-ffcb498b67d3
mem_jmeter_1571,jmeter1571@loadtest.com,test123,68e705d8-2ec5-42a4-ab0d-abeb7b8512c1
mem_jmeter_1572,jmeter1572@loadtest.com,test123,379c42e5-42f8-4f92-8baa-38f90a01fff5
mem_jmeter_1573,jmeter1573@loadtest.com,test123,a647137d-3d20-46fc-8f09-3fe7c1fbd850
mem_jmeter_1574,jmeter1574@loadtest.com,test123,40b14ca6-0b73-403f-b536-58ae999da5cc
mem_jmeter_1575,jmeter1575@loadtest.com,test123,f8f000ef-eb2b-4262-83d7-c3c36a38c169
mem_jmeter_1576,jmeter1576@loadtest.com,test123,8287b99a-b747-4b70-9f2a-59230a0a725d
mem_jmeter_1577,jmeter1577@loadtest.com,test123,85bc9d40-8f61-4a7e-a06a-04bc8217a3a2
mem_jmeter_1578,jmeter1578@loadtest.com,test123,d950faab-836d-4f13-b2e6-e2c9767fadb6
mem_jmeter_1579,jmeter1579@loadtest.com,test123,4cdf8024-0a10-46f5-9a5b-0ce0acf2460d
mem_jmeter_1580,jmeter1580@loadtest.com,test123,b337b43a-a691-4e22-a661-fa654aec4ea6
mem_jmeter_1581,jmeter1581@loadtest.com,test123,44e6dbb5-8eff-4c6e-b88c-ee482cfbb72a
mem_jmeter_1582,jmeter1582@loadtest.com,test123,d65d2d2e-2e93-4725-a9f1-eb9e634f6b60
mem_jmeter_1583,jmeter1583@loadtest.com,test123,91998689-a8a5-4d34-8380-130f359584b6
mem_jmeter_1584,jmeter1584@loadtest.com,test123,86329869-d18c-43c3-9dcb-a4a5d7582f9b
mem_jmeter_1585,jmeter1585@loadtest.com,test123,75c7f7e9-5a63-4f83-b95b-5f239fd5aaa3
mem_jmeter_1586,jmeter1586@loadtest.com,test123,3beca730-53e7-4158-9c56-2f4fee240d0f
mem_jmeter_1587,jmeter1587@loadtest.com,test123,f15afd86-6d77-4b8b-9018-7bcbb75a96a1
mem_jmeter_1588,jmeter1588@loadtest.com,test123,b52e3786-ebd0-401f-a71a-879af504bbce
mem_jmeter_1589,jmeter1589@loadtest.com,test123,4a178e3e-c6ba-4c3f-9619-48121f397a86
mem_jmeter_1590,jmeter1590@loadtest.com,test123,cd40cfe1-80e4-42a3-8a10-57a26f3c7524
mem_jmeter_1591,jmeter1591@loadtest.com,test123,50d8ff6e-9ce4-4b36-a3ca-3b4796031d1b
mem_jmeter_1592,jmeter1592@loadtest.com,test123,affb5d17-f5de-4448-8945-54f941487909
mem_jmeter_1593,jmeter1593@loadtest.com,test123,2172da75-3cde-44c7-b234-1e41feaf3bc4
mem_jmeter_1594,jmeter1594@loadtest.com,test123,9cc00fe2-f739-42bb-9bdc-838e6ca5770d
mem_jmeter_1595,jmeter1595@loadtest.com,test123,b92bedeb-655f-4f54-88a3-bb6180ff47e2
mem_jmeter_1596,jmeter1596@loadtest.com,test123,7da99c36-2b5e-4f61-9183-77ed018cb0a5
mem_jmeter_1597,jmeter1597@loadtest.com,test123,b12d006e-b863-443a-9db6-0196a66165e9
mem_jmeter_1598,jmeter1598@loadtest.com,test123,d8444e49-c2c7-4f2a-acbd-602815e757d4
mem_jmeter_1599,jmeter1599@loadtest.com,test123,fd2fefe3-cb4a-4815-889d-6fa03ee3cc37
mem_jmeter_1600,jmeter1600@loadtest.com,test123,015c48a4-f58f-4e23-b7ad-935d01d3564a
mem_jmeter_1601,jmeter1601@loadtest.com,test123,2dbc6e40-f16d-4b2d-8f3e-e6d52967cb0d
mem_jmeter_1602,jmeter1602@loadtest.com,test123,ab753240-15d4-47b2-b65a-72b34572d8ec
mem_jmeter_1603,jmeter1603@loadtest.com,test123,8a8fcbd8-e56d-4eab-b3a5-b6130dfba0df
mem_jmeter_1604,jmeter1604@loadtest.com,test123,d49a93f7-f2ba-42d6-a917-e18856642815
mem_jmeter_1605,jmeter1605@loadtest.com,test123,7ac2c6d7-ca85-4fb8-b7b3-51aeb85f16e0
mem_jmeter_1606,jmeter1606@loadtest.com,test123,968b0e52-f9b2-4dc4-a86f-3f18325cecd9
mem_jmeter_1607,jmeter1607@loadtest.com,test123,a1df3881-efb7-4395-a1cb-c300f46e26d2
mem_jmeter_1608,jmeter1608@loadtest.com,test123,2eac8c07-f5e3-46ea-ace0-c5662a8d5ae9
mem_jmeter_1609,jmeter1609@loadtest.com,test123,865d2bf1-a197-4746-a7f9-fb26b8c78334
mem_jmeter_1610,jmeter1610@loadtest.com,test123,221e017f-891b-4e80-99db-36d2b3c5f1a7
mem_jmeter_1611,jmeter1611@loadtest.com,test123,31b59493-7295-4df1-9122-8c3b8fcbb749
mem_jmeter_1612,jmeter1612@loadtest.com,test123,e8784695-bd2a-473a-a3c1-6806730fdd37
mem_jmeter_1613,jmeter1613@loadtest.com,test123,b9887e66-1357-486c-acfc-749f9aa31216
mem_jmeter_1614,jmeter1614@loadtest.com,test123,4d51bf30-e0bb-41ee-8ea7-209442d89b1c
mem_jmeter_1615,jmeter1615@loadtest.com,test123,522763cc-762e-47ce-b12d-1d0d17ba62e3
mem_jmeter_1616,jmeter1616@loadtest.com,test123,58719efc-fdfd-4b5b-b2c7-45ef40901867
mem_jmeter_1617,jmeter1617@loadtest.com,test123,8b3ec927-98e9-4f6e-9c09-c8f4eaa9af1a
mem_jmeter_1618,jmeter1618@loadtest.com,test123,e386818d-c6ad-46b5-a950-85d536c41790
mem_jmeter_1619,jmeter1619@loadtest.com,test123,b85fc62e-aca1-4f61-a77b-d85a21bd2f11
mem_jmeter_1620,jmeter1620@loadtest.com,test123,66e1ed8b-c8ea-43a4-a6e7-ff7321462d44
mem_jmeter_1621,jmeter1621@loadtest.com,test123,a25c3eeb-e612-41f8-b93a-f30c88bd9b6e
mem_jmeter_1622,jmeter1622@loadtest.com,test123,407032ab-8fee-461a-9eb1-4767908b7665
mem_jmeter_1623,jmeter1623@loadtest.com,test123,389a528b-d006-4c19-aaaf-839a26361209
mem_jmeter_1624,jmeter1624@loadtest.com,test123,5d0f3235-ea53-4d79-afa5-7c48d10af504
mem_jmeter_1625,jmeter1625@loadtest.com,test123,31b16829-9ed4-4d2d-80b0-3f630a962eb5
mem_jmeter_1626,jmeter1626@loadtest.com,test123,8688448f-7105-48ff-8dbe-ca123fd7ca14
mem_jmeter_1627,jmeter1627@loadtest.com,test123,4a698c45-f0d7-49a2-8da3-d55215997ede
mem_jmeter_1628,jmeter1628@loadtest.com,test123,fdaf41c5-7c8f-41a4-836a-ac7687fc6b87
mem_jmeter_1629,jmeter1629@loadtest.com,test123,9299a9ae-7cc3-4198-86cc-69151245a7a3
mem_jmeter_1630,jmeter1630@loadtest.com,test123,6920fce0-2afa-4633-b7cb-acd8fbc67921
mem_jmeter_1631,jmeter1631@loadtest.com,test123,d50d0faa-9c6c-4348-ac9c-7fe7d114db12
mem_jmeter_1632,jmeter1632@loadtest.com,test123,679bb862-41f5-4e27-ade5-9a28ae387d4a
mem_jmeter_1633,jmeter1633@loadtest.com,test123,fb9d2c46-5cb6-4b47-8702-b1ac4222a54c
mem_jmeter_1634,jmeter1634@loadtest.com,test123,8d7bd411-cc9e-4e92-8eb9-72f9bdfafbc6
mem_jmeter_1635,jmeter1635@loadtest.com,test123,4b6e0c44-dd64-4605-a0dc-012773209566
mem_jmeter_1636,jmeter1636@loadtest.com,test123,6d440a6a-eb8e-434e-9b31-2f9828490ca1
mem_jmeter_1637,jmeter1637@loadtest.com,test123,57626256-6dc7-44cf-be9a-8f884e290c04
mem_jmeter_1638,jmeter1638@loadtest.com,test123,1893f5d9-e687-4415-be0d-87027078580d
mem_jmeter_1639,jmeter1639@loadtest.com,test123,d2d77a01-23b0-4745-8755-10fee94891c4
mem_jmeter_1640,jmeter1640@loadtest.com,test123,077f2953-70c0-4c20-a774-1dd721c1c13e
mem_jmeter_1641,jmeter1641@loadtest.com,test123,1de12eae-b53c-4f86-8e00-a552e3d7ab0d
mem_jmeter_1642,jmeter1642@loadtest.com,test123,82705212-7629-401e-8eb9-33de5f7d4195
mem_jmeter_1643,jmeter1643@loadtest.com,test123,79062701-bbd2-4017-a248-1d5913abbbca
mem_jmeter_1644,jmeter1644@loadtest.com,test123,ce47315a-a0c5-4cec-b377-5e915b4f7df3
mem_jmeter_1645,jmeter1645@loadtest.com,test123,ebca1db0-b1a5-4ea9-9fa5-8a756073d2d3
mem_jmeter_1646,jmeter1646@loadtest.com,test123,69b6ae2a-c502-44e1-9953-9c39d68a999d
mem_jmeter_1647,jmeter1647@loadtest.com,test123,a834bf93-6060-4660-8222-e6c4beb5f8c7
mem_jmeter_1648,jmeter1648@loadtest.com,test123,b68eb572-d544-4cfc-8413-cf26cbfae6bb
mem_jmeter_1649,jmeter1649@loadtest.com,test123,2c01aa30-7e88-45f6-80e4-7baffdfe13b2
mem_jmeter_1650,jmeter1650@loadtest.com,test123,e3f3ffbf-05e2-4bb9-81a1-aaae50b91b61
mem_jmeter_1651,jmeter1651@loadtest.com,test123,876a1898-adc4-4da2-8ac4-ac0805be60dc
mem_jmeter_1652,jmeter1652@loadtest.com,test123,a5667855-7be8-4f15-b345-61fba194e4c8
mem_jmeter_1653,jmeter1653@loadtest.com,test123,9b347448-3d6d-40ca-8df6-5c2cd9bfb153
mem_jmeter_1654,jmeter1654@loadtest.com,test123,61f0d385-4f97-441a-b3e7-759a161c4549
mem_jmeter_1655,jmeter1655@loadtest.com,test123,6c2db697-8128-40a4-ab25-94de4e459067
mem_jmeter_1656,jmeter1656@loadtest.com,test123,5aa1497d-0fca-4aa3-a5b5-891a17be0824
mem_jmeter_1657,jmeter1657@loadtest.com,test123,95630af6-3ac6-434e-bcfa-2d21b7d372e7
mem_jmeter_1658,jmeter1658@loadtest.com,test123,225d2139-b6b9-4c76-89b0-a5b3789fdc7a
mem_jmeter_1659,jmeter1659@loadtest.com,test123,79bdfc5d-4691-4b48-895b-691363bdf4ff
mem_jmeter_1660,jmeter1660@loadtest.com,test123,0b68d8af-cd20-49da-aa14-a95d9b69ab87
mem_jmeter_1661,jmeter1661@loadtest.com,test123,374e29ca-b3d1-4e0a-8d48-b105eaf4d821
mem_jmeter_1662,jmeter1662@loadtest.com,test123,ea2af9f1-fa13-4355-a240-0bddc8d0abcd
mem_jmeter_1663,jmeter1663@loadtest.com,test123,2030a4e6-ce05-42b7-898b-83397616a66a
mem_jmeter_1664,jmeter1664@loadtest.com,test123,67395c87-a2c0-440f-8465-7830aa23bd20
mem_jmeter_1665,jmeter1665@loadtest.com,test123,35abcd5d-1202-4d02-a408-2fb0a2367689
mem_jmeter_1666,jmeter1666@loadtest.com,test123,a8b9ab8e-aab0-418c-a090-8e53fac1f3f3
mem_jmeter_1667,jmeter1667@loadtest.com,test123,92c180c1-4483-4a97-9b64-feb5ad7ed019
mem_jmeter_1668,jmeter1668@loadtest.com,test123,0ebcb9dc-016e-4fd3-83da-a1ba2b892ea4
mem_jmeter_1669,jmeter1669@loadtest.com,test123,79822bb5-6148-4b2a-83ae-ce44bdcd6866
mem_jmeter_1670,jmeter1670@loadtest.com,test123,ec8c46db-2208-41a3-9c9a-519b1dbfeebc
mem_jmeter_1671,jmeter1671@loadtest.com,test123,475ca469-16b8-4ef6-9bee-8669da81246e
mem_jmeter_1672,jmeter1672@loadtest.com,test123,e404f53f-1efc-45ba-b936-8ff52241281e
mem_jmeter_1673,jmeter1673@loadtest.com,test123,0b0b9b0c-9edb-4d26-946e-7d219dcb056b
mem_jmeter_1674,jmeter1674@loadtest.com,test123,3160a3b9-aa60-4d58-b112-00965e789052
mem_jmeter_1675,jmeter1675@loadtest.com,test123,45348072-a1c5-4f97-bb0b-96d82351abde
mem_jmeter_1676,jmeter1676@loadtest.com,test123,77608b29-5441-4d44-8e39-c25f6b44e9d0
mem_jmeter_1677,jmeter1677@loadtest.com,test123,6a6006e5-99d8-44fe-939e-14060e54605d
mem_jmeter_1678,jmeter1678@loadtest.com,test123,5b8b9038-d9a9-425c-9565-0c4bad967d35
mem_jmeter_1679,jmeter1679@loadtest.com,test123,da79271f-cc3c-4859-a9ae-f741c440bd7c
mem_jmeter_1680,jmeter1680@loadtest.com,test123,0437bc1b-d66b-4b7a-a0e7-8c845ebfa2e2
mem_jmeter_1681,jmeter1681@loadtest.com,test123,2b1536be-7579-4341-aa30-4710455ac9e2
mem_jmeter_1682,jmeter1682@loadtest.com,test123,b33a3ee5-640f-47d5-977b-7fb8b4e250c9
mem_jmeter_1683,jmeter1683@loadtest.com,test123,cacd5fd3-1228-49eb-851b-1daa90df0968
mem_jmeter_1684,jmeter1684@loadtest.com,test123,b0fdbbca-1744-4600-bf98-792cbc3e5515
mem_jmeter_1685,jmeter1685@loadtest.com,test123,13d2a647-a5bd-4acb-b227-4da880218d9f
mem_jmeter_1686,jmeter1686@loadtest.com,test123,4747ac4d-f050-4fa4-8112-e9a880e125cd
mem_jmeter_1687,jmeter1687@loadtest.com,test123,b8f26afc-72f0-4193-80e3-956886b0946a
mem_jmeter_1688,jmeter1688@loadtest.com,test123,dac0550f-5eff-47bf-91dc-22705a046c6a
mem_jmeter_1689,jmeter1689@loadtest.com,test123,8ea4c46a-0126-4d66-a867-a36a8c0a1ce2
mem_jmeter_1690,jmeter1690@loadtest.com,test123,18dafcdd-5b2b-4c01-8d05-5fbb38032cf4
mem_jmeter_1691,jmeter1691@loadtest.com,test123,948c6410-353b-459f-886a-30b0fd5a8f43
mem_jmeter_1692,jmeter1692@loadtest.com,test123,8fdaca64-c035-4953-8de8-3e12a1c50e92
mem_jmeter_1693,jmeter1693@loadtest.com,test123,bfee14cd-a8df-4816-ba58-f06f471e6c67
mem_jmeter_1694,jmeter1694@loadtest.com,test123,3007ff2c-6570-41a2-bd66-ec45ce4cff8d
mem_jmeter_1695,jmeter1695@loadtest.com,test123,63090e74-497f-41c2-8e3d-c55fcb37064f
mem_jmeter_1696,jmeter1696@loadtest.com,test123,15324b64-b66f-47f1-8f01-e7cff7ed8a38
mem_jmeter_1697,jmeter1697@loadtest.com,test123,71aae8d2-9683-4525-95f9-499b395e0a85
mem_jmeter_1698,jmeter1698@loadtest.com,test123,193315be-1e30-4c24-b2a0-8d583fad1a40
mem_jmeter_1699,jmeter1699@loadtest.com,test123,f043bd18-3c1b-4770-81a4-249d9024d3bb
mem_jmeter_1700,jmeter1700@loadtest.com,test123,0187cd4c-ba3d-4166-896e-fb230988096f
mem_jmeter_1701,jmeter1701@loadtest.com,test123,749b35a9-5ddd-4910-9d60-1444bff3b8b8
mem_jmeter_1702,jmeter1702@loadtest.com,test123,86a0aa3a-c55f-45f2-9825-508119dc9209
mem_jmeter_1703,jmeter1703@loadtest.com,test123,2a22a149-e0c1-4814-bbb9-3c9b01cb6e6c
mem_jmeter_1704,jmeter1704@loadtest.com,test123,8d4e4f97-fde5-4b08-b550-f0b8c40faa17
mem_jmeter_1705,jmeter1705@loadtest.com,test123,adaa078b-0211-4e25-8794-c1e52e95dd90
mem_jmeter_1706,jmeter1706@loadtest.com,test123,88807453-07ec-4ec5-8ec5-241757c78503
mem_jmeter_1707,jmeter1707@loadtest.com,test123,9343bb22-2bbc-49c6-bb6c-186f42922e96
mem_jmeter_1708,jmeter1708@loadtest.com,test123,e1c18f75-5cbc-419b-a3cd-671667051167
mem_jmeter_1709,jmeter1709@loadtest.com,test123,f8ea56df-7d59-44a0-bb33-4e94d84d3dab
mem_jmeter_1710,jmeter1710@loadtest.com,test123,284c3095-3f78-4908-9255-0056c6538f9e
mem_jmeter_1711,jmeter1711@loadtest.com,test123,0fb3037d-6ce5-42e3-9758-ec95f26f130f
mem_jmeter_1712,jmeter1712@loadtest.com,test123,b4b3587a-0fa7-40da-a242-30dd7fbe615a
mem_jmeter_1713,jmeter1713@loadtest.com,test123,1e016cbe-f5ab-48d1-9113-179326abd5e1
mem_jmeter_1714,jmeter1714@loadtest.com,test123,a8112c72-feb0-4fec-96b9-e5366147e71d
mem_jmeter_1715,jmeter1715@loadtest.com,test123,a326612e-b2d8-4c0e-ac23-6e00044576ae
mem_jmeter_1716,jmeter1716@loadtest.com,test123,36d6c0a5-d4e4-485a-9b64-95e4df6f9e70
mem_jmeter_1717,jmeter1717@loadtest.com,test123,1f018c7a-a687-4011-a26d-edae18043dce
mem_jmeter_1718,jmeter1718@loadtest.com,test123,212a5120-9b5f-46d4-9ffd-f26ebb847716
mem_jmeter_1719,jmeter1719@loadtest.com,test123,a7ab9dbf-1739-4cf9-949d-1d6e38035d25
mem_jmeter_1720,jmeter1720@loadtest.com,test123,f2ec6a02-5c91-415d-b571-d547682a9a20
mem_jmeter_1721,jmeter1721@loadtest.com,test123,e73ee5b4-8166-4c9a-88d0-791ec3eba420
mem_jmeter_1722,jmeter1722@loadtest.com,test123,6e25deb9-bca7-47fc-a3c1-5541d39f3ac6
mem_jmeter_1723,jmeter1723@loadtest.com,test123,c99c9ca6-5b76-436b-983d-367fb18d34bf
mem_jmeter_1724,jmeter1724@loadtest.com,test123,69b09b54-67fb-481f-b276-6714a899384d
mem_jmeter_1725,jmeter1725@loadtest.com,test123,528f421e-2c27-42d1-8419-9f2ec261ae40
mem_jmeter_1726,jmeter1726@loadtest.com,test123,7128eba0-924d-4780-a3d0-5fd970225284
mem_jmeter_1727,jmeter1727@loadtest.com,test123,8d5566da-28c4-4e3f-ae5d-6a85d93c43d9
mem_jmeter_1728,jmeter1728@loadtest.com,test123,224bd3d9-66ad-4ff4-bada-164913d2cd7f
mem_jmeter_1729,jmeter1729@loadtest.com,test123,3090f5be-f0f1-41e3-96f5-1c6481c938f1
mem_jmeter_1730,jmeter1730@loadtest.com,test123,5ee0d802-c47a-4864-acd9-2e21b5d2c74f
mem_jmeter_1731,jmeter1731@loadtest.com,test123,c33525cf-e063-4b02-9542-edf225fedf60
mem_jmeter_1732,jmeter1732@loadtest.com,test123,b981dc42-2485-47af-abd2-39b07f48af8e
mem_jmeter_1733,jmeter1733@loadtest.com,test123,a795d1b2-d030-4107-be75-20d63662e43b
mem_jmeter_1734,jmeter1734@loadtest.com,test123,4ff835ac-2d42-44a7-baa8-7f5ea9d4f091
mem_jmeter_1735,jmeter1735@loadtest.com,test123,a72369f4-4085-48a6-8af5-1dae86e0054f
mem_jmeter_1736,jmeter1736@loadtest.com,test123,270c8385-112d-4d5e-a49b-b913fe19146a
mem_jmeter_1737,jmeter1737@loadtest.com,test123,b568f363-d300-4bdd-8dd6-ec5cd8d7d771
mem_jmeter_1738,jmeter1738@loadtest.com,test123,26a668e8-5452-40c9-99cb-fb1c88dd64de
mem_jmeter_1739,jmeter1739@loadtest.com,test123,32535deb-fd72-40b4-a9f4-79eb7bca2ef1
mem_jmeter_1740,jmeter1740@loadtest.com,test123,5e494b51-26b5-4769-9a3e-85bf16591aac
mem_jmeter_1741,jmeter1741@loadtest.com,test123,d4073c72-5698-435f-b63f-d2fe9b1586bc
mem_jmeter_1742,jmeter1742@loadtest.com,test123,93fab609-f730-4f7a-8f5b-11ae76aa8e0d
mem_jmeter_1743,jmeter1743@loadtest.com,test123,0ed4963f-3e4b-4bf1-a624-0e450acda3ff
mem_jmeter_1744,jmeter1744@loadtest.com,test123,39592d16-56d1-42a6-afd8-73e1737394d5
mem_jmeter_1745,jmeter1745@loadtest.com,test123,e6bbc8c2-5b3c-4642-9614-8e05801b7344
mem_jmeter_1746,jmeter1746@loadtest.com,test123,6cca4311-b51e-4a57-a8fb-565baf1406d7
mem_jmeter_1747,jmeter1747@loadtest.com,test123,40443951-d4c3-4e8d-b88b-0b9f02b20b72
mem_jmeter_1748,jmeter1748@loadtest.com,test123,c474140d-e031-43b1-9a9b-005fcf1a0084
mem_jmeter_1749,jmeter1749@loadtest.com,test123,d2e51ec8-8493-4b46-9d4a-e93d3ed4df18
mem_jmeter_1750,jmeter1750@loadtest.com,test123,9ca465b9-128f-43fe-9c90-8130244db6d3
mem_jmeter_1751,jmeter1751@loadtest.com,test123,0219bff8-b302-4f68-83c0-a38c0e0f8bc7
mem_jmeter_1752,jmeter1752@loadtest.com,test123,059b77e2-68b8-4eeb-bbc2-b85b32b9ba2c
mem_jmeter_1753,jmeter1753@loadtest.com,test123,1815ea69-c845-43dc-8d91-b54806499c5f
mem_jmeter_1754,jmeter1754@loadtest.com,test123,c5e0c5b5-2dc7-40ea-9966-efbb8d4b695c
mem_jmeter_1755,jmeter1755@loadtest.com,test123,debda603-7d04-4db3-b24e-ec5aa7d9781a
mem_jmeter_1756,jmeter1756@loadtest.com,test123,a6e04e97-e317-401c-9bb4-b20910af54d6
mem_jmeter_1757,jmeter1757@loadtest.com,test123,f6cf801c-34ca-49ef-9710-d991165c37e8
mem_jmeter_1758,jmeter1758@loadtest.com,test123,2c4c7401-9665-4658-940f-d34e59230302
mem_jmeter_1759,jmeter1759@loadtest.com,test123,a2037b04-3654-4654-b6f5-653f4029c0bf
mem_jmeter_1760,jmeter1760@loadtest.com,test123,ca68bee4-d0dc-4278-9712-ebdd5958b29e
mem_jmeter_1761,jmeter1761@loadtest.com,test123,91be7531-fed8-42cc-8cf3-ba929ebb8033
mem_jmeter_1762,jmeter1762@loadtest.com,test123,fe7ec336-e523-4149-906f-41fece0fc93e
mem_jmeter_1763,jmeter1763@loadtest.com,test123,50e5d5b8-a87f-4ea7-9ec4-ecad97c19f05
mem_jmeter_1764,jmeter1764@loadtest.com,test123,7d20d564-bca2-4985-a888-9f44f28a4c6e
mem_jmeter_1765,jmeter1765@loadtest.com,test123,ca03a9e0-8840-4dae-94eb-e30eb78deaa0
mem_jmeter_1766,jmeter1766@loadtest.com,test123,1cf24568-e7ba-49c0-859c-4e5ab15fd537
mem_jmeter_1767,jmeter1767@loadtest.com,test123,25b33032-95f9-4bb5-b5cc-e22188b266a3
mem_jmeter_1768,jmeter1768@loadtest.com,test123,cb142a4c-e8d2-4970-af88-dbd403bef452
mem_jmeter_1769,jmeter1769@loadtest.com,test123,486abfaf-85c6-4585-9f49-c739e3518b6a
mem_jmeter_1770,jmeter1770@loadtest.com,test123,a5fcd490-0e19-46ec-b881-1908402022f6
mem_jmeter_1771,jmeter1771@loadtest.com,test123,89a1f9f8-be11-47cc-aa66-cf4b10dc55cb
mem_jmeter_1772,jmeter1772@loadtest.com,test123,69254d5b-6160-4a7d-9457-0f594824f333
mem_jmeter_1773,jmeter1773@loadtest.com,test123,5ea4e21e-174d-4b63-a2e4-9bb47c7d3694
mem_jmeter_1774,jmeter1774@loadtest.com,test123,e71f18aa-df7a-4484-9505-23fb1918a7fe
mem_jmeter_1775,jmeter1775@loadtest.com,test123,7c6f00e7-c462-4e91-9d37-2e53898b1b7e
mem_jmeter_1776,jmeter1776@loadtest.com,test123,cfec1f2a-63b4-45ff-92a7-7d1918072340
mem_jmeter_1777,jmeter1777@loadtest.com,test123,891dc0b9-6f12-4d69-9e9f-86d3cc380788
mem_jmeter_1778,jmeter1778@loadtest.com,test123,9ceb68b3-4ce2-4fa5-851d-df85ba26d7f9
mem_jmeter_1779,jmeter1779@loadtest.com,test123,55cf94d6-a91a-4776-964a-17f8318ef306
mem_jmeter_1780,jmeter1780@loadtest.com,test123,5a7b0180-3833-4648-84d3-204d4cba6c75
mem_jmeter_1781,jmeter1781@loadtest.com,test123,8b3c431d-50bb-4e51-a182-e968fce1522b
mem_jmeter_1782,jmeter1782@loadtest.com,test123,86616ff5-7148-4da1-a7b9-09ee715792f6
mem_jmeter_1783,jmeter1783@loadtest.com,test123,c0ec3314-2817-4973-a0b2-a6299b0314c4
mem_jmeter_1784,jmeter1784@loadtest.com,test123,9e25b23b-798f-4036-b047-a98f597e2404
mem_jmeter_1785,jmeter1785@loadtest.com,test123,561d68f8-3c95-41e6-8677-00b61fd6496b
mem_jmeter_1786,jmeter1786@loadtest.com,test123,0c588e61-5952-4975-9925-fc8979731fab
mem_jmeter_1787,jmeter1787@loadtest.com,test123,6931cce6-726e-44b6-88ed-f59177e67190
mem_jmeter_1788,jmeter1788@loadtest.com,test123,28add59a-136d-49dc-a8d5-79f507f31137
mem_jmeter_1789,jmeter1789@loadtest.com,test123,b541bf00-577b-41ae-a9c6-c887aa9288b1
mem_jmeter_1790,jmeter1790@loadtest.com,test123,b2100ebc-2893-4b6f-a2d8-de816a7ceb9c
mem_jmeter_1791,jmeter1791@loadtest.com,test123,cbdc4937-ad1e-465c-ae8e-059dc0a8e461
mem_jmeter_1792,jmeter1792@loadtest.com,test123,5c3f1182-63f5-4d08-af45-8e7c147ec587
mem_jmeter_1793,jmeter1793@loadtest.com,test123,a2c4ae56-3137-4f70-9b37-71645be8e91c
mem_jmeter_1794,jmeter1794@loadtest.com,test123,70af5410-ecb8-45b5-b98d-c011bcc60425
mem_jmeter_1795,jmeter1795@loadtest.com,test123,122e054f-936d-46de-b2b3-a036cb23a0e9
mem_jmeter_1796,jmeter1796@loadtest.com,test123,bf7dc327-3460-46ac-8517-f9064831603e
mem_jmeter_1797,jmeter1797@loadtest.com,test123,721c7224-2656-4abd-a525-965d92f3db67
mem_jmeter_1798,jmeter1798@loadtest.com,test123,3fafd2e8-96b8-456f-bf6f-1025040b0f33
mem_jmeter_1799,jmeter1799@loadtest.com,test123,46ddf157-1131-4db9-9a53-96251a52722d
mem_jmeter_1800,jmeter1800@loadtest.com,test123,5e47b539-d748-46ea-95e8-ef42ea383374
mem_jmeter_1801,jmeter1801@loadtest.com,test123,8ec55daa-3b54-4a91-99d5-560792c5f11a
mem_jmeter_1802,jmeter1802@loadtest.com,test123,f0c3236d-4f57-4956-9f33-070607ca593d
mem_jmeter_1803,jmeter1803@loadtest.com,test123,386da4d6-42f2-4fd7-ab0f-c377f6bf906b
mem_jmeter_1804,jmeter1804@loadtest.com,test123,0b7b1068-1175-4c90-97b5-a5f5869f02b1
mem_jmeter_1805,jmeter1805@loadtest.com,test123,b3e010d3-c8cb-43a9-a8c4-bb00b9389312
mem_jmeter_1806,jmeter1806@loadtest.com,test123,1565d7a5-492d-4e66-9c40-8c0ea3837b9b
mem_jmeter_1807,jmeter1807@loadtest.com,test123,86d1d783-71b2-4727-bc97-214d20f7a0cc
mem_jmeter_1808,jmeter1808@loadtest.com,test123,823be023-832d-42cf-b83b-834f94587fd4
mem_jmeter_1809,jmeter1809@loadtest.com,test123,24cb42fe-09db-4256-ad39-cb1a0f3e8879
mem_jmeter_1810,jmeter1810@loadtest.com,test123,1dda9b8d-c7f1-4b4e-9a8b-f55f513981cc
mem_jmeter_1811,jmeter1811@loadtest.com,test123,903ebde5-605c-42b4-a018-99ac748420cf
mem_jmeter_1812,jmeter1812@loadtest.com,test123,75be85f8-4753-4407-8b54-5dce73598e73
mem_jmeter_1813,jmeter1813@loadtest.com,test123,312ff3f6-0e38-47a7-a8bc-444e47165068
mem_jmeter_1814,jmeter1814@loadtest.com,test123,4625c03c-a62b-4006-a1ad-d4bdbd3583f0
mem_jmeter_1815,jmeter1815@loadtest.com,test123,4b51d1f4-23dc-4dc5-ba71-54ed61c2ca9c
mem_jmeter_1816,jmeter1816@loadtest.com,test123,ad9b2337-7cca-49de-8b5b-e54eec569ae2
mem_jmeter_1817,jmeter1817@loadtest.com,test123,0f955187-6d0b-42e1-862a-416606bcb02b
mem_jmeter_1818,jmeter1818@loadtest.com,test123,64fcf109-28c7-4c17-a315-4890002d7c84
mem_jmeter_1819,jmeter1819@loadtest.com,test123,f917c434-c09c-4f3c-a940-a63d3cd4869c
mem_jmeter_1820,jmeter1820@loadtest.com,test123,7734484e-1d3f-4aa7-abb4-f49e8b795c7b
mem_jmeter_1821,jmeter1821@loadtest.com,test123,51f6e6f6-bbb4-48f2-8cf2-fab6e924c250
mem_jmeter_1822,jmeter1822@loadtest.com,test123,8a50b866-c305-42d9-a4bc-ff37ea303e92
mem_jmeter_1823,jmeter1823@loadtest.com,test123,54673fa0-b51a-4686-8997-1f19fc97ef45
mem_jmeter_1824,jmeter1824@loadtest.com,test123,c0ab8002-412a-4bb6-8f70-c54ffa965a55
mem_jmeter_1825,jmeter1825@loadtest.com,test123,d971c7d1-9b5c-4fcb-97ba-031f74fbff0f
mem_jmeter_1826,jmeter1826@loadtest.com,test123,b2f62466-0f3c-4861-9670-116cce6773bf
mem_jmeter_1827,jmeter1827@loadtest.com,test123,74149784-1a75-4838-b065-fc796d4b08a9
mem_jmeter_1828,jmeter1828@loadtest.com,test123,1b78f1f5-4ac6-42b1-b801-483e3ec892d1
mem_jmeter_1829,jmeter1829@loadtest.com,test123,5ab022e7-5f43-4a58-9fd6-306f5381ad40
mem_jmeter_1830,jmeter1830@loadtest.com,test123,1a95a510-d598-43e2-a73d-c13d57a7ecfb
mem_jmeter_1831,jmeter1831@loadtest.com,test123,44b66587-f197-4f24-bc34-2fdd99f1dbe7
mem_jmeter_1832,jmeter1832@loadtest.com,test123,137f4b80-9ebc-4f2f-af80-fcfab4bc7655
mem_jmeter_1833,jmeter1833@loadtest.com,test123,18df0dfe-cca5-4953-82a3-e3777767e6f5
mem_jmeter_1834,jmeter1834@loadtest.com,test123,a28def99-df9b-4c35-9008-8eab0eb98c1f
mem_jmeter_1835,jmeter1835@loadtest.com,test123,125cb1ee-4f6f-4985-bf3b-0f91fa308de1
mem_jmeter_1836,jmeter1836@loadtest.com,test123,9fe9efb0-779d-4b51-8898-fcd51c95d99c
mem_jmeter_1837,jmeter1837@loadtest.com,test123,06660c4a-f751-40ef-8f2a-eb0de4963545
mem_jmeter_1838,jmeter1838@loadtest.com,test123,b41b2c1d-ef26-4133-bad4-f5ffe390cbdd
mem_jmeter_1839,jmeter1839@loadtest.com,test123,7e618b56-db3c-4539-871d-1aaa2b770404
mem_jmeter_1840,jmeter1840@loadtest.com,test123,5a9c88ee-1bb5-49c6-92f6-b6e091fc7de1
mem_jmeter_1841,jmeter1841@loadtest.com,test123,874a1f82-57a7-4c6f-add1-cdb247deee66
mem_jmeter_1842,jmeter1842@loadtest.com,test123,db0581b9-8a0e-470f-a632-b4fada177176
mem_jmeter_1843,jmeter1843@loadtest.com,test123,8f75e57d-9e5a-4002-a7f8-d91d2d6a8c9d
mem_jmeter_1844,jmeter1844@loadtest.com,test123,11f843f6-1d90-4a32-b9f5-5dfcfc89eb1c
mem_jmeter_1845,jmeter1845@loadtest.com,test123,be09d64a-0f69-45dd-8802-90f6bd22b172
mem_jmeter_1846,jmeter1846@loadtest.com,test123,687c4e7d-d7f8-43c7-886f-5a301466d875
mem_jmeter_1847,jmeter1847@loadtest.com,test123,213e4dd8-2621-4459-87fd-24156200f39b
mem_jmeter_1848,jmeter1848@loadtest.com,test123,df527b6d-a988-4499-a904-b82b0598cfcb
mem_jmeter_1849,jmeter1849@loadtest.com,test123,c9b6dcdd-356c-4b0e-b79a-f27e6c42d9e5
mem_jmeter_1850,jmeter1850@loadtest.com,test123,9acc9225-a03c-4d12-acbf-dd2d1bd6fb33
mem_jmeter_1851,jmeter1851@loadtest.com,test123,2e44fd82-e697-4846-a68c-803e807d4beb
mem_jmeter_1852,jmeter1852@loadtest.com,test123,20c3be1c-8acc-4730-9493-24e0cc250426
mem_jmeter_1853,jmeter1853@loadtest.com,test123,dbcbc5cb-98d2-4d27-b480-551bb2a62ed8
mem_jmeter_1854,jmeter1854@loadtest.com,test123,604c8e96-85b0-44f6-a23a-fee3bb9be67a
mem_jmeter_1855,jmeter1855@loadtest.com,test123,83159b2a-8153-4d29-9fcd-19a20da527a7
mem_jmeter_1856,jmeter1856@loadtest.com,test123,b92f936e-ff03-41e9-ac26-645d7ad11917
mem_jmeter_1857,jmeter1857@loadtest.com,test123,0292caa9-332d-4ad0-82fc-f4971df0f49c
mem_jmeter_1858,jmeter1858@loadtest.com,test123,c4a83aa2-1676-4ee9-a993-c0286a2225a4
mem_jmeter_1859,jmeter1859@loadtest.com,test123,1d44067f-a4b3-4fed-ae44-e4b3112ee138
mem_jmeter_1860,jmeter1860@loadtest.com,test123,3c601631-8b27-4993-a483-9d7272efd9ae
mem_jmeter_1861,jmeter1861@loadtest.com,test123,36a50ba3-7d3c-43c9-8f85-9b694a43e0f6
mem_jmeter_1862,jmeter1862@loadtest.com,test123,2b36de3d-cc36-417c-ade6-98c9c0aa0c78
mem_jmeter_1863,jmeter1863@loadtest.com,test123,733b404a-37f6-4f9d-bf39-cedbaf048067
mem_jmeter_1864,jmeter1864@loadtest.com,test123,c865449c-c4f8-4846-b891-45de58aedc5e
mem_jmeter_1865,jmeter1865@loadtest.com,test123,7dfe013e-0c96-4c96-b1ee-d8b307394b7f
mem_jmeter_1866,jmeter1866@loadtest.com,test123,377751aa-ef56-4157-9abe-1187a12152c0
mem_jmeter_1867,jmeter1867@loadtest.com,test123,7de843cc-4cc8-4d83-a86d-643275948050
mem_jmeter_1868,jmeter1868@loadtest.com,test123,41713bac-a648-41bb-8654-ed370b84b9b0
mem_jmeter_1869,jmeter1869@loadtest.com,test123,c6b92c37-4853-42b6-8ad3-93fcabb954be
mem_jmeter_1870,jmeter1870@loadtest.com,test123,c227dd1d-38cd-4c16-b3e0-7cc0f6433cb8
mem_jmeter_1871,jmeter1871@loadtest.com,test123,7f31a39b-bb63-43ea-a5b8-24f3be8847b2
mem_jmeter_1872,jmeter1872@loadtest.com,test123,2424d5ec-046c-45c5-b1df-d81b9280681d
mem_jmeter_1873,jmeter1873@loadtest.com,test123,0280d543-886e-4799-a539-d3e8bf901930
mem_jmeter_1874,jmeter1874@loadtest.com,test123,7f58e6e3-45da-4818-be13-064eea2b2350
mem_jmeter_1875,jmeter1875@loadtest.com,test123,98bf4a42-4544-4574-940d-bdf47be9a8cc
mem_jmeter_1876,jmeter1876@loadtest.com,test123,06a93c30-a487-4b02-9328-9fec0adb64db
mem_jmeter_1877,jmeter1877@loadtest.com,test123,901ebb2a-5f3d-47f6-8458-706a8207682a
mem_jmeter_1878,jmeter1878@loadtest.com,test123,a4918e95-da19-4fcf-aba2-d12a5b9af364
mem_jmeter_1879,jmeter1879@loadtest.com,test123,fcaca8f2-75c0-449e-aeb4-9f303b04d73f
mem_jmeter_1880,jmeter1880@loadtest.com,test123,69737356-be1e-4b50-bdd8-d808f728bf12
mem_jmeter_1881,jmeter1881@loadtest.com,test123,b1766213-c78b-4030-8320-d2b1e814a34f
mem_jmeter_1882,jmeter1882@loadtest.com,test123,180d42ac-fe3d-4b60-bc41-ca323a384fea
mem_jmeter_1883,jmeter1883@loadtest.com,test123,f8df87d6-9687-4fb8-a62c-718592437452
mem_jmeter_1884,jmeter1884@loadtest.com,test123,dd886ae4-ed0c-4313-aeb1-de268cf113b6
mem_jmeter_1885,jmeter1885@loadtest.com,test123,c61d93ae-2496-4d6f-b661-1b7aa39e7924
mem_jmeter_1886,jmeter1886@loadtest.com,test123,6648ee87-b9d2-46fa-80d4-dd5729e85d04
mem_jmeter_1887,jmeter1887@loadtest.com,test123,48313e36-62a8-44de-99b6-6e120cb560a1
mem_jmeter_1888,jmeter1888@loadtest.com,test123,6a31ea90-dc7f-48b9-9a3f-bb2050f1be63
mem_jmeter_1889,jmeter1889@loadtest.com,test123,ed94ce75-ec14-42f3-8b3e-8f8fa5a95ec1
mem_jmeter_1890,jmeter1890@loadtest.com,test123,b8507d21-02cb-4db3-81b6-8a5c7d7bdd9c
mem_jmeter_1891,jmeter1891@loadtest.com,test123,3a1b93ec-5a97-4819-9bcd-0336c58cf571
mem_jmeter_1892,jmeter1892@loadtest.com,test123,da07fd1d-85d4-4c24-bfa0-8a5fa26d87bd
mem_jmeter_1893,jmeter1893@loadtest.com,test123,e3bdc0fa-50af-4f01-a7a8-fd683ea4ea8a
mem_jmeter_1894,jmeter1894@loadtest.com,test123,5f7231fb-dca9-4e88-9348-427c73a2408d
mem_jmeter_1895,jmeter1895@loadtest.com,test123,acd31f90-d224-45ee-a5b0-001edb7b6187
mem_jmeter_1896,jmeter1896@loadtest.com,test123,f3b01f33-0e42-441e-b070-f0ce23545d5c
mem_jmeter_1897,jmeter1897@loadtest.com,test123,aeffdf33-70db-4b06-bce8-702cb4be6f70
mem_jmeter_1898,jmeter1898@loadtest.com,test123,bfc52fc1-a8fe-4788-8baa-751faf5785f4
mem_jmeter_1899,jmeter1899@loadtest.com,test123,8b2c6daa-bc70-47e2-ab3c-9c06b677d532
mem_jmeter_1900,jmeter1900@loadtest.com,test123,46a61722-1b20-4494-8d8b-ee303f9a112d
mem_jmeter_1901,jmeter1901@loadtest.com,test123,5b79929b-c229-4f4c-97be-18a93856dfcc
mem_jmeter_1902,jmeter1902@loadtest.com,test123,456ddec9-37fe-4bda-8708-889a7f941899
mem_jmeter_1903,jmeter1903@loadtest.com,test123,be2fd9dd-f67b-47fd-98d5-90e2a9136250
mem_jmeter_1904,jmeter1904@loadtest.com,test123,f0c87f5e-189f-42dd-8f6b-d6c6bf2df7f3
mem_jmeter_1905,jmeter1905@loadtest.com,test123,3871ffba-6e15-4998-94f1-93498de0fe8b
mem_jmeter_1906,jmeter1906@loadtest.com,test123,aa434377-1d55-467b-b28e-594129843f6e
mem_jmeter_1907,jmeter1907@loadtest.com,test123,ef75376b-1b76-491c-afaa-3dc40b4a6cac
mem_jmeter_1908,jmeter1908@loadtest.com,test123,3ad36adb-32c9-40c6-bc9a-022281d66721
mem_jmeter_1909,jmeter1909@loadtest.com,test123,1e74d70d-d7b2-433d-90b1-0bb6921218f1
mem_jmeter_1910,jmeter1910@loadtest.com,test123,d879f943-3b9a-4ff7-bd13-59e763622708
mem_jmeter_1911,jmeter1911@loadtest.com,test123,f5b780a6-8cf7-4732-b513-d8c74bebf742
mem_jmeter_1912,jmeter1912@loadtest.com,test123,0b516eb6-fc9a-421a-be2d-b3f51e74620d
mem_jmeter_1913,jmeter1913@loadtest.com,test123,a7581d71-3e24-49e0-bade-7fd4aae74a32
mem_jmeter_1914,jmeter1914@loadtest.com,test123,24853861-8bd9-4cd1-bc32-4257210c1d83
mem_jmeter_1915,jmeter1915@loadtest.com,test123,797cabbe-3b87-4b2c-8662-7ae1d55533da
mem_jmeter_1916,jmeter1916@loadtest.com,test123,c4d989d0-a3a0-4281-a40c-bbecb85dabd4
mem_jmeter_1917,jmeter1917@loadtest.com,test123,ad3bb136-52b7-4c4a-b329-1120ca20a60c
mem_jmeter_1918,jmeter1918@loadtest.com,test123,776496dc-4442-449b-9818-3110f9e99fd3
mem_jmeter_1919,jmeter1919@loadtest.com,test123,c759f616-eeb5-489e-aa80-126fe809ff69
mem_jmeter_1920,jmeter1920@loadtest.com,test123,7e8336e0-7df9-44b4-a80e-e73b59bde84b
mem_jmeter_1921,jmeter1921@loadtest.com,test123,42f90063-4d0b-4a8b-996d-3b84321ae708
mem_jmeter_1922,jmeter1922@loadtest.com,test123,d9a5d1c7-6b81-44b7-a150-721563963e5f
mem_jmeter_1923,jmeter1923@loadtest.com,test123,272b751a-b6a7-4216-a678-88f7ca5bef5e
mem_jmeter_1924,jmeter1924@loadtest.com,test123,6420f892-9de8-4584-8e33-659ee21f5455
mem_jmeter_1925,jmeter1925@loadtest.com,test123,40d043c4-af80-447b-ba42-e218ab0039cf
mem_jmeter_1926,jmeter1926@loadtest.com,test123,a83ce8cd-d3ab-4cf0-87f6-c8734b2debe4
mem_jmeter_1927,jmeter1927@loadtest.com,test123,78266e85-e92f-4758-b4f9-aecd28b59bb1
mem_jmeter_1928,jmeter1928@loadtest.com,test123,77742ad0-59e1-415f-90a1-371e62123552
mem_jmeter_1929,jmeter1929@loadtest.com,test123,f91445fd-18b8-4d22-927f-9f6c204d5d9b
mem_jmeter_1930,jmeter1930@loadtest.com,test123,c791527a-53ba-4d64-8b25-941c19386c67
mem_jmeter_1931,jmeter1931@loadtest.com,test123,edd6515a-05f8-4733-9329-c6b577c0f6cf
mem_jmeter_1932,jmeter1932@loadtest.com,test123,8a48b8d4-1266-4b79-b379-838b074a384d
mem_jmeter_1933,jmeter1933@loadtest.com,test123,df1a3b81-c4fd-4f71-8706-b9ff0bcb7da5
mem_jmeter_1934,jmeter1934@loadtest.com,test123,9fcc125b-bcc1-449b-90a5-f94bda97df0a
mem_jmeter_1935,jmeter1935@loadtest.com,test123,6a96ba4c-1eaf-4577-a7ff-8123af645f40
mem_jmeter_1936,jmeter1936@loadtest.com,test123,e5646efb-94da-408d-a7cf-934ee07274ea
mem_jmeter_1937,jmeter1937@loadtest.com,test123,f55980b7-c838-499d-b129-5a0bc1efaa40
mem_jmeter_1938,jmeter1938@loadtest.com,test123,fc7f6e7f-f6c9-4897-93df-ec0e99cf58ed
mem_jmeter_1939,jmeter1939@loadtest.com,test123,8eaebd37-0d84-43a8-8b4a-cac55d6e498d
mem_jmeter_1940,jmeter1940@loadtest.com,test123,aa961738-eceb-45a7-be74-dcb87341e988
mem_jmeter_1941,jmeter1941@loadtest.com,test123,21ca87de-d039-47e5-9ab1-e02d520dedd1
mem_jmeter_1942,jmeter1942@loadtest.com,test123,4c5d2eb0-ce3f-4c46-8fed-4adbc7059f60
mem_jmeter_1943,jmeter1943@loadtest.com,test123,05ac1d89-9d0c-4c62-b6a4-451bdf59df66
mem_jmeter_1944,jmeter1944@loadtest.com,test123,46eae04d-b354-450b-80b0-37670fc40437
mem_jmeter_1945,jmeter1945@loadtest.com,test123,bb8eb1c6-c1da-4770-ae13-61ecc3164690
mem_jmeter_1946,jmeter1946@loadtest.com,test123,81ebd89c-6a36-4140-8c56-d98a08f991c2
mem_jmeter_1947,jmeter1947@loadtest.com,test123,2ab55ea5-1caa-472f-91b8-3ba5e294c1b5
mem_jmeter_1948,jmeter1948@loadtest.com,test123,eff564fd-23b1-40f7-a206-5637e3383ed0
mem_jmeter_1949,jmeter1949@loadtest.com,test123,d0ae8282-e6ec-48f6-8d09-33653c97306d
mem_jmeter_1950,jmeter1950@loadtest.com,test123,7bcbd190-fc31-4dc6-b95d-f86af2180421
mem_jmeter_1951,jmeter1951@loadtest.com,test123,ffd15797-a48a-453a-a6dd-75ccf4caed0f
mem_jmeter_1952,jmeter1952@loadtest.com,test123,b251891a-8ed5-48f9-b4e8-2e426ee2f0c5
mem_jmeter_1953,jmeter1953@loadtest.com,test123,fe9074a3-3932-4e81-9388-de9c7c9b874b
mem_jmeter_1954,jmeter1954@loadtest.com,test123,d32c0abb-3e23-4d53-9d8b-35ad49242ac0
mem_jmeter_1955,jmeter1955@loadtest.com,test123,2eb1bc1f-8ba3-4553-8a1a-fbda01af2f52
mem_jmeter_1956,jmeter1956@loadtest.com,test123,904ea1c0-295c-42d7-bce1-d8a3849fef2a
mem_jmeter_1957,jmeter1957@loadtest.com,test123,bb4fa42a-f7c5-47e4-adcb-423c030581a8
mem_jmeter_1958,jmeter1958@loadtest.com,test123,6c56ae47-f21b-484f-95c6-cf5f34d65e10
mem_jmeter_1959,jmeter1959@loadtest.com,test123,629aa037-d1b5-4bab-8c75-a36eb94ac99d
mem_jmeter_1960,jmeter1960@loadtest.com,test123,386acc23-ccf5-487b-ad00-e765af5feb11
mem_jmeter_1961,jmeter1961@loadtest.com,test123,0236a3a4-4968-42d0-a85e-d3aa5e10ef52
mem_jmeter_1962,jmeter1962@loadtest.com,test123,7f2f176b-c50d-48d0-9b2d-cb4bfb315c2c
mem_jmeter_1963,jmeter1963@loadtest.com,test123,6efdbd54-8918-4e61-b328-72f5208a7522
mem_jmeter_1964,jmeter1964@loadtest.com,test123,ccec55f8-c9eb-4358-9519-ebfa4bbc3d97
mem_jmeter_1965,jmeter1965@loadtest.com,test123,ec6ad196-1254-45ff-9d39-3bb3916bc939
mem_jmeter_1966,jmeter1966@loadtest.com,test123,2ffdfd8b-7364-4f22-be66-5080a93f631e
mem_jmeter_1967,jmeter1967@loadtest.com,test123,2a11f7fb-fcf2-4e91-b084-a8795bfa418d
mem_jmeter_1968,jmeter1968@loadtest.com,test123,49fbb5cc-0b1d-4e4b-83a9-cca4471a019a
mem_jmeter_1969,jmeter1969@loadtest.com,test123,1125b104-66ff-4780-b348-ff65f271d82b
mem_jmeter_1970,jmeter1970@loadtest.com,test123,d3a0ad60-b60c-4d40-a060-f9a73b10915d
mem_jmeter_1971,jmeter1971@loadtest.com,test123,d700cb7d-fc6b-411d-9142-c986b030fa60
mem_jmeter_1972,jmeter1972@loadtest.com,test123,025bfdf0-3999-45cf-a525-8f321561d6ca
mem_jmeter_1973,jmeter1973@loadtest.com,test123,4afe06ec-0559-4693-b995-5412a51fe06f
mem_jmeter_1974,jmeter1974@loadtest.com,test123,578a5d47-35d0-4e58-9f55-64d8af8f6006
mem_jmeter_1975,jmeter1975@loadtest.com,test123,4fd206c1-838c-44c0-9cd1-ce4f0b65f66d
mem_jmeter_1976,jmeter1976@loadtest.com,test123,1fd06f9d-5c7c-4a30-86cf-5087eb435243
mem_jmeter_1977,jmeter1977@loadtest.com,test123,305e9a55-ebc3-4fe4-882c-a45d6d533b59
mem_jmeter_1978,jmeter1978@loadtest.com,test123,c7473ffd-f802-468e-95e3-aaa679235fae
mem_jmeter_1979,jmeter1979@loadtest.com,test123,a0189fe7-055f-4af6-b703-8f9e963b352e
mem_jmeter_1980,jmeter1980@loadtest.com,test123,6eb10093-2eb1-40cc-a2b7-98fa41fcbd2e
mem_jmeter_1981,jmeter1981@loadtest.com,test123,11e09566-5b47-476a-aa9c-c935b7c37cef
mem_jmeter_1982,jmeter1982@loadtest.com,test123,2183bcea-789a-43a6-9a7f-c1894b0fd858
mem_jmeter_1983,jmeter1983@loadtest.com,test123,c7edc6ce-1250-4eca-b535-0a7ed46366de
mem_jmeter_1984,jmeter1984@loadtest.com,test123,1c3d46c8-d5e0-4d10-a94e-05e21c70dbd1
mem_jmeter_1985,jmeter1985@loadtest.com,test123,8f0f6428-30c3-4051-8c38-4ad4e2d7150c
mem_jmeter_1986,jmeter1986@loadtest.com,test123,9b773aa8-9db6-47f2-bdea-281235d3e578
mem_jmeter_1987,jmeter1987@loadtest.com,test123,299f3bad-dca9-48a8-a449-d98cb5343b82
mem_jmeter_1988,jmeter1988@loadtest.com,test123,5578beb4-c60c-4c30-866b-39bd6eb88321
mem_jmeter_1989,jmeter1989@loadtest.com,test123,90123b3d-2978-4787-84f0-8d53bbb59386
mem_jmeter_1990,jmeter1990@loadtest.com,test123,62d005e7-9496-4595-83e3-279f8faa640c
mem_jmeter_1991,jmeter1991@loadtest.com,test123,584d887b-3277-45ca-8afa-49011fa94a98
mem_jmeter_1992,jmeter1992@loadtest.com,test123,86d6b268-bd02-4cd7-83ad-69266c01310c
mem_jmeter_1993,jmeter1993@loadtest.com,test123,4602d898-473f-48c8-96b9-c807a8fe2ea2
mem_jmeter_1994,jmeter1994@loadtest.com,test123,76832c36-211d-4f6c-b009-8a46b68be912
mem_jmeter_1995,jmeter1995@loadtest.com,test123,2525b58c-fe82-4fc1-bb41-1fa12becfbda
mem_jmeter_1996,jmeter1996@loadtest.com,test123,209f3a0e-2367-455a-9ec3-3bbcb30cd333
mem_jmeter_1997,jmeter1997@loadtest.com,test123,d97cf91e-5f86-4b44-a7f3-9fb05aa7796e
mem_jmeter_1998,jmeter1998@loadtest.com,test123,151a7b13-2a2b-4c1c-9b02-6b1de938097b
mem_jmeter_1999,jmeter1999@loadtest.com,test123,c94b11ac-e03f-43e3-9c7b-8b9d22a0203b
